id,text,category,subcategory,source,query_label,rule_label,search_query,date,portal_category
766158,"20.07.2025 жылы менің өтінішім бойынша үй кезегіне тіркедіңіз, бірақ ешқандай санатқа жатпайтын қылып тіркеп қойған екенсіздер. Мен өтініш берген кезде әлеуметтік мәртебемді таңдап толтырған болатынмын, сонда да санат деген тарауда «Санатсыз» деп тіркеп қойғансыз, ал менде бір не",ЖКХ,Отопление,query,ЖКХ/Отопление,,жылу,29.03.2026,"Строительство, дольщики, жилищные проблемы"
766259,"Отбасы банк Басқарма төрағасына ӨТІНІШ [ЗАЯВИТЕЛЬ] төрағасы! Мен, [ЗАЯВИТЕЛЬ], Шымкент қаласының тұрғынымын. Мен «Жұмыс істейтін жастар» бағдарламасы бойынша сатып алу құқығынсыз жалға берілетін тұрғын үйде 5 жыл тұрдым. Бағдарлама мерзімі аяқталғаннан кейін тұрғын үй",,,none,,,ЖКХ,24.06.2026,"Строительство, дольщики, жилищные проблемы"
766277,Саламатсыз ба! Менің есімім [ЗАЯВИТЕЛЬ]. Ағымдағы жылдың 24 шілдесінен бастап Шымкент қаласы бойынша Ақжайықтан алған 3 бөлмелі пәтерімнің төлеп графигі басталады. Бекітілген график бойынша әр айдың 24 жұлдызы күні менің төлем жұмыстарын жүргізу керекпін. Осы кестеге сәйкес мен,ЖКХ,Отопление,query,ЖКХ/Отопление,,жылу,23.07.2026,Ипотека
766253,"[ЗАЯВИТЕЛЬ] «Отбасы банк» АҚ Басқарма төрағасы Л. [ЗАЯВИТЕЛЬ] облысы,Тараз қаласының тұрғыны [ЗАЯВИТЕЛЬ] ЖСН: [ИИН] Б/с нөмірім: [ТЕЛЕФОН] эл почта:[EMAIL] ӨТІНІШ Мен, Куатбекова",ЖКХ,Отопление,query,ЖКХ/Отопление,,жылу,22.06.2026,"Строительство, дольщики, жилищные проблемы"
766188,"Уважаемая [ЗАЯВИТЕЛЬ]. Прошу Вас разъяснить мне следующее: У меня есть пенсионный аннуитет и есть не большая сумма накоплений в пенсионном фонде. Могу ли Я снять с пенсионного фонда эту сумму для улучшения жилищных условий, если да то что для этого нужно? Ваши консультанты",ЖКХ,Водоснабжение,query,ЖКХ/Водоснабжение,,канализация,21.04.2026,"Строительство, дольщики, жилищные проблемы"
766185,"Мен, 2014 жылдан бастап мемлекеттік қызметші ретінде тұрғын үйге мұқтаж азаматтар санатына енгізіліп, тиісті кезекте тіркелгенмін. Алайда тұрғын үй бағдарламалары бойынша іріктеу тетіктерінің ашықтығы мен әділеттілігіне қатысты бірқатар сұрақтар туындауда. Атап айтқанда, 2024 жыл",ЖКХ,Отопление,query,ЖКХ/Отопление,,жылу,20.04.2026,Ипотека
766215,"Уважаемая [ЗАЯВИТЕЛЬ]! Обращаюсь к Вам в связи с возникшей проблемой при оформлении кредитной заявки через портал «[ЗАЯВИТЕЛЬ]». 12.05.2026 года моя сестра сдала полный пакет документов в отделение АО «Отбасы банк». 13.05.2026 года мною, как созаемщиком, все необходимые д",Дороги,Дорожное покрытие,query,Дороги/Дорожное покрытие,,дороги,18.05.2026,Ипотека
766297,"Обращение с регистрационным номером 766297, направленное в Блог Генеральный директор РГП на ПХВ «Республиканский научно–исследовательский институт по охране труда Министерства труда и социальной защиты населения Республики Казахстан» [ЗАЯВИТЕЛЬ] отклонено ГО 25.08.2026",ЖКХ,Отопление,query,ЖКХ/Отопление,,жылу,12.08.2026,Финансы
766142,"C 11.06.2016 г. моя мама [ЗАЯВИТЕЛЬ] состояла в очереди по категории ""Ветераны приравненные к ВОВ"", после ее смерти районный ЖКХ снял ее с очереди. В 2025 г. я как родная дочь решением суда восстановлена в очереди вместо умершей матери по категории ""Ветераны п",,,none,,,ЖКХ,12.03.2026,"Строительство, дольщики, жилищные проблемы"
766211,"[ЗАЯВИТЕЛЬ] Ермухашовна, ЖСН: , 12 тамыз 2019 жылы Балқаш аудандық тұрғын үй-коммуналдық, шаруашылық және тұрғын инспекциясы бөлімі арқылы мемлекеттен берілетін тұрғын үй кезегіне «асырауында жалпы орта, техникалық және кәсіптік, орта білімнен кейінгі, жоғары, жоғ",ЖКХ,Отопление,query,ЖКХ/Отопление,,жылу,11.05.2026,О работе государственных органов (госуслуги)
766266,[ЗАЯВИТЕЛЬ]! Менің L00859-0301-2021 бойынша Отбасы банк алдында ипотека бойынша несиелік міндеттемем бар. Уақытылы төлеп келе жатып 2023 жылы жыл басында жұмыстың ауысуы мен табыстың уақытша азаюына байланысты кестеден шығып қалдым бірақ кеш те болса төлеп жүрмін,ЖКХ,Отопление,query,ЖКХ/Отопление,,жылу,09.07.2026,Финансы
766293,"Обращение с регистрационным номером 766293, направленное в Блог Директор РГКП «Национальный центр тестирования» Министерства науки и высшего образования Республики Казахстан Емелбаев.Р.Т находится на рассмотрении у ГО",Дороги,Дорожное покрытие,query,Дороги/Дорожное покрытие,,дороги,08.08.2026,Образование
766175,"Обращение с регистрационным номером 766175, направленное в Блог Генеральный директор РГП на ПХВ «Республиканский научно–исследовательский институт по охране труда Министерства труда и социальной защиты населения Республики Казахстан» [ЗАЯВИТЕЛЬ] отклонено ГО 13.04.2026",ЖКХ,Отопление,query,ЖКХ/Отопление,,жылу,08.04.2026,Здравоохранение
766163,"Қайырлы күн. Мен 25.05.2025 жылы Өркен отбасы бағдарламасы бойынша үй кезкгіне тұрып, 24.12.2025 жылы түгендеуден өткен болатынмын. 2026 жылдың наурыз айында тізімнен мені алып тастапты. Себебін 300 орталығына хабарласып сұрағанымда жауап бере алмады. Сізден қызметкерлеріңізге та",ЖКХ,Отопление,query,ЖКХ/Отопление,,жылу,04.04.2026,Молодёжная политика
766229,"Мен,[ЗАЯВИТЕЛЬ] жалғызбасты анамын.1983 жылы Механический заводтың жатақханасынан бір бөлме-19 кв.м алып,жекешелендіріп,осы уақытқа дейін тұрып жатырмыз. 2006 жылдан бастап «толық емес отбасы» санаты бойынша ""Орал қаласының тұрғын үй-коммуналдық шаруашылығы, жолаушылар к",Дороги,Дорожное покрытие,conflict,ЖКХ/Отопление,Дороги/Дорожное покрытие,жылу,02.06.2026,Социальное обеспечение
766002,"Обращаюсь к вам как действующий заёмщик банка, являющийся созаемщиком своей супруги [ЗАЯВИТЕЛЬ] В 2020 году в связи с пандемией COVID‑19 была оформлена отсрочка платежей согласно действующим на тот момент государственным программам поддержки заёмщиков. На текущий момент все о",Дороги,Дорожное покрытие,query,Дороги/Дорожное покрытие,,дороги,30.12.2025,"Строительство, дольщики, жилищные проблемы"
766000,"Обращение с регистрационным номером 766000, направленное в Блог Председатель Правления АО «Казахстанский центр модернизации и развития жилищно-коммунального хозяйства» [ЗАЯВИТЕЛЬ] находится на рассмотрении у ГО",,,none,,,ЖКХ,30.12.2025,О работе государственных органов (госуслуги)
765472,Маңғыстау ауданы Ақтау қаласы мекен жайы 34-10 ТҮК «Інжутас» тұрғындары атынан 85 пәтер иесі [ЗАЯВИТЕЛЬ]:[ТЕЛЕФОН] Эл.почта: baktily.ieskaliieva.66mail.ru ӨТІНІШ Осы көрсетілген мекен-жай тұрғындары төмендегідей шағымдарымызбен өтініш жолдап отырмыз . Ақтау қаласындағ,Дороги,Дорожное покрытие,rules,,Дороги/Дорожное покрытие,ЖКХ,26.03.2025,"Строительство, дольщики, жилищные проблемы"
765995,"Обращение с регистрационным номером 765995, направленное в Блог Председатель Правления АО «Казахстанский центр модернизации и развития жилищно-коммунального хозяйства» [ЗАЯВИТЕЛЬ] находится на рассмотрении у ГО",ЖКХ,Лифт,query,ЖКХ/Лифт,,лифт,24.12.2025,Регионы
765993,"Обращение с регистрационным номером 765993, направленное в Блог Председатель Правления АО «Отбасы банк» [ЗАЯВИТЕЛЬ] находится на рассмотрении у ГО",Дороги,Дорожное покрытие,query,Дороги/Дорожное покрытие,,дороги,24.12.2025,Земельные вопросы
765989,"Обращение с регистрационным номером 765989, направленное в Блог Председатель Правления АО «Казахстанский центр модернизации и развития жилищно-коммунального хозяйства» [ЗАЯВИТЕЛЬ] находится на рассмотрении у ГО",,,none,,,ЖКХ,20.12.2025,"Строительство, дольщики, жилищные проблемы"
765541,"Обращение с регистрационным номером 765541, направленное в Блог Председатель Правления АО «Казахстанский центр модернизации и развития жилищно-коммунального хозяйства» [ЗАЯВИТЕЛЬ] находится на рассмотрении у ГО",ЖКХ,Лифт,query,ЖКХ/Лифт,,лифт,14.05.2025,"Строительство, дольщики, жилищные проблемы"
765975,"Обращение с регистрационным номером 765975, направленное в Блог Председатель Правления АО «Казахстанский центр модернизации и развития жилищно-коммунального хозяйства» [ЗАЯВИТЕЛЬ] находится на рассмотрении у ГО",,,none,,,ЖКХ,13.12.2025,О работе государственных органов (госуслуги)
765539,"Обращение с регистрационным номером 765539, направленное в Блог Председатель Правления АО «Казахстанский центр модернизации и развития жилищно-коммунального хозяйства» [ЗАЯВИТЕЛЬ] находится на рассмотрении у ГО",,,none,,,ЖКХ,13.05.2025,"Строительство, дольщики, жилищные проблемы"
765964,"Обращение с регистрационным номером 765964, направленное в Блог Председатель Правления АО «Казахстанский центр модернизации и развития жилищно-коммунального хозяйства» [ЗАЯВИТЕЛЬ] находится на рассмотрении у ГО",ЖКХ,Отопление,query,ЖКХ/Отопление,,отопление,12.12.2025,"Строительство, дольщики, жилищные проблемы"
765536,"Обращение с регистрационным номером 765536, направленное в Блог Председатель Правления АО «Казахстанский центр модернизации и развития жилищно-коммунального хозяйства» [ЗАЯВИТЕЛЬ] находится на рассмотрении у ГО",ЖКХ,Водоснабжение,query,ЖКХ/Водоснабжение,,канализация,12.05.2025,"Строительство, дольщики, жилищные проблемы"
765535,"Обращение с регистрационным номером 765535, направленное в Блог Председатель Правления АО «Казахстанский центр модернизации и развития жилищно-коммунального хозяйства» [ЗАЯВИТЕЛЬ] находится на рассмотрении у ГО",ЖКХ,Водоснабжение,query,ЖКХ/Водоснабжение,,канализация,12.05.2025,"Строительство, дольщики, жилищные проблемы"
765534,"Обращение с регистрационным номером 765534, направленное в Блог Председатель Правления АО «Казахстанский центр модернизации и развития жилищно-коммунального хозяйства» [ЗАЯВИТЕЛЬ] находится на рассмотрении у ГО",ЖКХ,Водоснабжение,query,ЖКХ/Водоснабжение,,канализация,12.05.2025,"Строительство, дольщики, жилищные проблемы"
765077,"Обращение с регистрационным номером 765077, направленное в Блог Председатель Правления АО «Казахстанский центр модернизации и развития жилищно-коммунального хозяйства» [ЗАЯВИТЕЛЬ] находится на рассмотрении у ГО",ЖКХ,Отопление,query,ЖКХ/Отопление,,отопление,27.06.2024,"Строительство, дольщики, жилищные проблемы"
765076,"Обращение с регистрационным номером 765076, направленное в Блог Директор ТОО «Центр по управлению пассажирскими перевозками» [ЗАЯВИТЕЛЬ] находится на рассмотрении у ГО",Транспорт,Общественный транспорт,query,Транспорт/Общественный транспорт,,автобус,26.06.2024,Транспорт
764896,"Уважаемая [ЗАЯВИТЕЛЬ]! Прошу помочь мне, так как я оказалась в трудной жизненной ситуации. Между мною, [ЗАЯВИТЕЛЬ] и АО «Отбасы банк» 20 октября 22021 года был заключен договор банковского займа №SPO2824-1600-2021, согласно которому мною был получен кредит на сумму 9",ЖКХ,Отопление,query,ЖКХ/Отопление,,отопление,22.02.2024,Ипотека
765196,"Председателю АО «Отбасы банк» [ЗАЯВИТЕЛЬ] Копия: Директору АО «[ЗАЯВИТЕЛЬ] сберегательный Банк «[ЗАЯВИТЕЛЬ]» (г. Шымкент) [ЗАЯВИТЕЛЬ] От участника, состоящего на учете нуждающихся в жилище в МИО гр-ки [ЗАЯВИТЕЛЬ]",,,none,,,ЖКХ,21.10.2024,"Строительство, дольщики, жилищные проблемы"
765084,"Обращение с регистрационным номером 765084, направленное в Блог Генеральный директор РГП на ПХВ ""Национальный научный центр развития сферы социальной защиты"" [ЗАЯВИТЕЛЬ] отклонено ГО 09.07.2024",ЖКХ,Отопление,query,ЖКХ/Отопление,,отопление,07.07.2024,Занятость населения
764913,"Обращение с регистрационным номером 764913, направленное в Блог Председатель Правления АО «НГК «Казгеология» [ЗАЯВИТЕЛЬ] находится на рассмотрении у ГО",Транспорт,Общественный транспорт,query,Транспорт/Общественный транспорт,,автобус,04.03.2024,Транспорт
765129,"02.09.2024 года АО «АРЭК» очередной раз незаконно прекратило подачу электрической энергии физическим лицам мне и моим соседям всем подряд по адресу: город Астана, улица А75, дом 2 и все подряд моим соседям, в нарушение подпунктов 1, 2 пункта 11 главы 6 Типовых договоров энергосна",ЖКХ,Лифт,query,ЖКХ/Лифт,,лифт,03.09.2024,"Строительство, дольщики, жилищные проблемы"
763956,"Обращение с регистрационным номером 763956, направленное в Блог Генеральный директор РГП на ПХВ «Республиканский центр электронного здравоохранения» [ЗАЯВИТЕЛЬ] отклонено ГО 24.04.2023",ЖКХ,Водоснабжение,query,ЖКХ/Водоснабжение,,водоснабжение,29.03.2023,Здравоохранение
763931,"Обращение с регистрационным номером 763931, направленное в Блог Председатель Правления АО «Казахстанский центр модернизации и развития жилищно-коммунального хозяйства» [ЗАЯВИТЕЛЬ] находится на рассмотрении у ГО",ЖКХ,Отопление,query,ЖКХ/Отопление,,отопление,25.03.2023,О работе государственных органов (госуслуги)
764170,"Здравствуйте! Я снова вынуждена обратиться к Вам! Экономический суд не отменили, а перенесли на 26.05.2023г. Хотя я отправила всем скрин о том, что у меня нет задолженностей! Контролер ""Актобе су энерджи групп"" так и написала мне, что их организация никуда не подавала.",ЖКХ,Отопление,query,ЖКХ/Отопление,,отопление,24.05.2023,Ипотека
764478,"Обращение с регистрационным номером 764478, направленное в Блог Председатель Правления АО «Казахстанский центр модернизации и развития жилищно-коммунального хозяйства» [ЗАЯВИТЕЛЬ] находится на рассмотрении у ГО",Освещение,Уличное освещение,query,Освещение/Уличное освещение,,освещение,21.08.2023,О работе государственных органов (госуслуги)
763585,"Обращение с регистрационным номером 763585, направленное в Блог Председатель Правления АО «Казахстанский центр модернизации и развития жилищно-коммунального хозяйства» [ЗАЯВИТЕЛЬ] находится на рассмотрении у ГО",ЖКХ,Отопление,query,ЖКХ/Отопление,,отопление,21.01.2023,Земельные вопросы
763584,"Обращение с регистрационным номером 763584, направленное в Блог Директор РГГП «Республиканского научно-практического центра «Дарын» Министерства просвещения РК [ЗАЯВИТЕЛЬ] находится на рассмотрении у ГО",ЖКХ,Отопление,query,ЖКХ/Отопление,,отопление,21.01.2023,Правоохранительные органы
763553,"Здравствуйте. с 2019 года мое единственное жилье признано аварийным, но меня не ставят в очередь на жилье. Уже второй раз пытаюсь встать в очередь, но мне отказывают. Внятного ответа никто не дает. У меня 4 детей, я в разводе, фактически одинокая. На старшего ребенка есть справка",ЖКХ,Отопление,query,ЖКХ/Отопление,,отопление,18.01.2023,"Строительство, дольщики, жилищные проблемы"
763551,"Обращение с регистрационным номером 763551, направленное в Блог Председатель Правления АО «Казахстанский центр модернизации и развития жилищно-коммунального хозяйства» [ЗАЯВИТЕЛЬ] находится на рассмотрении у ГО",ЖКХ,Водоснабжение,query,ЖКХ/Водоснабжение,,канализация,18.01.2023,Свободная тема
763533,ҚР Бас прокуроры [ЗАЯВИТЕЛЬ]Асыловқа,Дороги,Дорожное покрытие,query,Дороги/Дорожное покрытие,,жол,17.01.2023,Ипотека
763506,[ЗАЯВИТЕЛЬ]! «Бағаларына мемлекеттік реттеу белгіленген бөлшек саудада өткізілетін мұнай өнімдеріне шекті бағаларды белгілеу туралы» [ЗАЯВИТЕЛЬ] министрінің 2015 жылғы 19 мамырдағы № 361 бұйрығына өзгеріс енгізу туралы [ЗАЯВИТЕЛЬ],Транспорт,Общественный транспорт,query,Транспорт/Общественный транспорт,,көлік,13.01.2023,Регионы
763496,"Уважаемый [ЗАЯВИТЕЛЬ]! У меня такой простой вопрос и сразу решит можно мне кажется. Вопрос: 1) Сегодня ходил налоговый мне дали расчет налога на транспорт за 2022г. сумму 403 090 тенге, почему много рассчитали я не смог понять? когда с сайта смотришь другой расчет ( Дата ввоза",Транспорт,Общественный транспорт,query,Транспорт/Общественный транспорт,,транспорт,13.01.2023,Транспорт
763187/1,"[ЗАЯВИТЕЛЬ]! Жол жүру куәлігін алу бойынша тестті 5-ші мәрте ғана тапсырғанда өте алдым. Бірақ 2-ші кезеңде Түркістан қаласындағы көлік айдау тапсырмасын өту барысы өте қиын болып тұр. Осы тапсырманы сәтті өту үшін, ақылы болса да, белгіленген жерді көлікпен үйрету тура",Транспорт,Общественный транспорт,conflict,Дороги/Дорожное покрытие,Транспорт/Общественный транспорт,жол,13.01.2023,О работе государственных органов (госуслуги)
763372,"Добрый день! Уважаемый министр Корпоративный фонд ""Южно-Казахстанский областной центр услуг реабилитации"" Туркестанской области оказываем услуги ""Инватакси"" инвалидам имеющим затрудния в передвижении . На основании Закон ГЗ ст.39 п.3 пп.54 мы заключали в т",Транспорт,Общественный транспорт,query,Транспорт/Общественный транспорт,,транспорт,12.01.2023,Социальное обеспечение
763364,"Здравствуйте! Я инвалид 1 группы, сижу в инвалидной коляске. Прошу помощи, я стала заблокирована в своём доме из-за снегопада. Улицу нужно очистить. Ко мне не может добраться транспорт. Дом заблокирован.Прошу вас помочь мне. Живу по адресу : мкр Каргалы, улица кенесары Хан, дом 6",Транспорт,Общественный транспорт,query,Транспорт/Общественный транспорт,,транспорт,12.01.2023,Информационно-коммуникационные технологии
763362,"Уважаемый [ЗАЯВИТЕЛЬ]! вынуждена вновь обратится к Вам. В нашем дворе осенью 2022 года был произведен капитальный ремонт двора, после чего во дворе нашего дома и на вдоль сквозного проезда нам отключили свет. Живем в кромешной тьме. Рядом заброшенный детский сад, место",Освещение,Уличное освещение,query,Освещение/Уличное освещение,,освещение,12.01.2023,Свободная тема
763359,Добрый день. Строительной компанией BI-Group реализуется проект по строительству в городе Астане бигвиля «Jetisu» со строительством на ее территории инновационной школы и торгового дома. На сегодняшнее число уже получены ключи в ЖК Jetisu.Aqsu и ЖК Jetisu.Lepsi. В ближайшие годы,Дороги,Светофоры,query,Дороги/Светофоры,,светофор,12.01.2023,Транспорт
763315,"Обращаюсь к Вам с большой просьбой поднять вопрос и унифицировать на законодательном уровне, о запрете в свободной продаже знака ""Инвалид"" (его зачастую можно купить на автобарахолках и в бутиках, где торгуют запчастями) и дальнейшего регламента по выдаче специального",Транспорт,Общественный транспорт,query,Транспорт/Общественный транспорт,,транспорт,11.01.2023,Социальное обеспечение
763304,"[ЗАЯВИТЕЛЬ]! Мен, [ЗАЯВИТЕЛЬ], Облыстық қоғамдық кеңес мүшесі ретінде және облысымыздағы созылмалы бүйрек жетіспеушілігі бар науқастардың атынан 2020 жылдың қазан айында сол уақытта облыс әкімі болған [ЗАЯВИТЕЛЬ] жеке қабылдауын",Дороги,Дорожное покрытие,query,Дороги/Дорожное покрытие,,жол,11.01.2023,Здравоохранение
763267,"09 Карагандинская область, г. Караганда, 09.01.2023 по улице Сатыбалдина, а также на проспекте Шахтёров не расчищены от снега и льда пешеходные переходы, остановки, дороги. Усматривается невыполнение требований по производству работ на дорогах и содержанию дорог. Просим привлечь",Транспорт,Общественный транспорт,rules,,Транспорт/Общественный транспорт,благоустройство,10.01.2023,Транспорт
763266,"09 Карагандинская область, г. Караганда, 09.01.2023 по улице Сатыбалдина, а также на проспекте Шахтёров не расчищены от снега и льда пешеходные переходы, остановки, дороги. Усматривается невыполнение требований по производству работ на дорогах и содержанию дорог. Просим привлечь",Транспорт,Общественный транспорт,rules,,Транспорт/Общественный транспорт,благоустройство,10.01.2023,Транспорт
763261,"С данной проблемой обращаюсь повторно, так как ваша отписка в OPEN ALMATY не соответствует действительности. Проблемная территория находится в административной части Алатауского района(бывший Ауэзовский район), причем тут КГУ ""Аппарат акима Жетысуского района""? В случае",Освещение,Уличное освещение,query,Освещение/Уличное освещение,,освещение,10.01.2023,Свободная тема
763242,"Меня зовут [ЗАЯВИТЕЛЬ], я живу по адресу Пр. Мира д.49 кв. 38, имею жалобы на работу Актобе суэнерджи так как уже 3 месяц ко мне приходят квитанции с 0 показателем, хотя в электронном виде указывается сумма оплаты, имею подозрения что мои показания неправильно счи",ЖКХ,Водоснабжение,query,ЖКХ/Водоснабжение,,канализация,10.01.2023,О работе государственных органов (госуслуги)
763227,Министерство [ЗАЯВИТЕЛЬ] Казахстан От:[ЗАЯВИТЕЛЬ],Освещение,Уличное освещение,query,Освещение/Уличное освещение,,освещение,10.01.2023,О работе государственных органов (госуслуги)
763213,"""ҚазақстанРеспубликасы [ЗАЯВИТЕЛЬ]"" мемлекеттік мекемесі ""[ЗАЯВИТЕЛЬ] жемқорлыққа қарсы іс-қимыл агенттігі (Сыбайлас жемқорлыққа қарсы қызмет)"" мемлекеттік мекемесі ""[ЗАЯВИТЕЛЬ] және жоғары білім мини",Дороги,Дорожное покрытие,query,Дороги/Дорожное покрытие,,жол,10.01.2023,Правоохранительные органы
763212,"""ҚазақстанРеспубликасы [ЗАЯВИТЕЛЬ]"" мемлекеттік мекемесі ""[ЗАЯВИТЕЛЬ] жемқорлыққа қарсы іс-қимыл агенттігі (Сыбайлас жемқорлыққа қарсы қызмет)"" мемлекеттік мекемесі ""[ЗАЯВИТЕЛЬ] және жоғары білім мини",Дороги,Дорожное покрытие,query,Дороги/Дорожное покрытие,,жол,10.01.2023,Правоохранительные органы
763211/1,"""ҚазақстанРеспубликасы [ЗАЯВИТЕЛЬ]"" мемлекеттік мекемесі ""[ЗАЯВИТЕЛЬ] жемқорлыққа қарсы іс-қимыл агенттігі (Сыбайлас жемқорлыққа қарсы қызмет)"" мемлекетті",Дороги,Дорожное покрытие,query,Дороги/Дорожное покрытие,,жол,10.01.2023,Правоохранительные органы
763211,"""ҚазақстанРеспубликасы [ЗАЯВИТЕЛЬ]"" мемлекеттік мекемесі ""[ЗАЯВИТЕЛЬ] жемқорлыққа қарсы іс-қимыл агенттігі (Сыбайлас жемқорлыққа қарсы қызмет)"" мемлекетті",Дороги,Дорожное покрытие,query,Дороги/Дорожное покрытие,,жол,10.01.2023,Правоохранительные органы
763210,"""ҚазақстанРеспубликасы [ЗАЯВИТЕЛЬ]"" мемлекеттік мекемесі ""[ЗАЯВИТЕЛЬ] жемқорлыққа қарсы іс-қимыл агенттігі (Сыбайлас жемқорлыққа қарсы қызмет)"" мемлекетті",Дороги,Дорожное покрытие,query,Дороги/Дорожное покрытие,,жол,10.01.2023,Правоохранительные органы
763208,"Обращение с регистрационным номером 763208, направленное в Блог [ЗАЯВИТЕЛЬ] РК [ЗАЯВИТЕЛЬ] отклонено ГО 27.01.2023",Дороги,Дорожное покрытие,query,Дороги/Дорожное покрытие,,жол,10.01.2023,Правоохранительные органы
763187,"[ЗАЯВИТЕЛЬ]! Жол жүру куәлігін алу бойынша тестті 5-ші мәрте ғана тапсырғанда өте алдым. Бірақ 2-ші кезеңде Түркістан қаласындағы көлік айдау тапсырмасын өту барысы өте қиын болып тұр. Осы тапсырманы сәтті өту үшін, ақылы болса да, белгіленген жерді көлікпен үйрету тура",Транспорт,Общественный транспорт,conflict,Дороги/Дорожное покрытие,Транспорт/Общественный транспорт,жол,10.01.2023,О работе государственных органов (госуслуги)
763140,"Сәлеметсізбе «Азаматтарға арналған үкімет» Мемлекеттік корпорациясы» [ЗАЯВИТЕЛЬ] бойынша Корпорация қызметкерлер жалақысы қазіргі таңда дұрыс бекітіліп беріліп отырған жоқ. Осы орайда Корпорацияның қызметкерлері жалақысын толық қадағауларыңызға алғандарыңызды сұранамын. 1)Яғни, Орталы",Транспорт,Общественный транспорт,query,Транспорт/Общественный транспорт,,көлік,09.01.2023,Свободная тема
763083,"Обращение с регистрационным номером 763083, направленное в Блог [ЗАЯВИТЕЛЬ] РК [ЗАЯВИТЕЛЬ] отклонено ГО 27.01.2023",Транспорт,Общественный транспорт,query,Транспорт/Общественный транспорт,,транспорт,09.01.2023,О работе государственных органов (госуслуги)
764210,"Обращение с регистрационным номером 764210, направленное в Блог Председатель Правления АО «Казахстанский центр модернизации и развития жилищно-коммунального хозяйства» [ЗАЯВИТЕЛЬ] находится на рассмотрении у ГО",ЖКХ,Водоснабжение,query,ЖКХ/Водоснабжение,,водоснабжение,07.06.2023,"Строительство, дольщики, жилищные проблемы"
763039,"[ЗАЯВИТЕЛЬ] мырза, [ЗАЯВИТЕЛЬ]! Мен, [ЗАЯВИТЕЛЬ], Шымкент қаласының тұрғынымын. Менің, Сіздің атыңызға жазып отырған осы өтінішім мен шағымым Астана қаласы [ЗАЯВИТЕЛЬ] Басқармасының, оның ішінде аға тергеушісі [ЗАЯВИТЕЛЬ] қабылдаған заңсыз шешімі",Дороги,Дорожное покрытие,query,Дороги/Дорожное покрытие,,жол,07.01.2023,О работе государственных органов (госуслуги)
763689,"Мы организовали ОСИ «Автомобилист – 21» дата регистрации 26.01.2021. Я являюсь председателем [ЗАЯВИТЕЛЬ]. По решению экономического суда обязали [ЗАЯВИТЕЛЬ] выдать нам документы вместе технические и финансовые, дело № 7527 – 21 -00-2/3346 24мая 2021года. Но",ЖКХ,Водоснабжение,query,ЖКХ/Водоснабжение,,водоснабжение,06.02.2023,"Строительство, дольщики, жилищные проблемы"
763688,"Обращение с регистрационным номером 763688, направленное в Блог Председатель правления АО «Республиканская газета «[ЗАЯВИТЕЛЬ]» [ЗАЯВИТЕЛЬ] находится на рассмотрении у ГО",ЖКХ,Водоснабжение,query,ЖКХ/Водоснабжение,,водоснабжение,06.02.2023,"Строительство, дольщики, жилищные проблемы"
763687,"Мы организовали ОСИ «Автомобилист – 21» дата регистрации 26.01.2021. Я являюсь председателем [ЗАЯВИТЕЛЬ]. По решению экономического суда обязали [ЗАЯВИТЕЛЬ] выдать нам документы вместе технические и финансовые, дело № 7527 – 21 -00-2/3346 24мая 2021года. Но",ЖКХ,Водоснабжение,query,ЖКХ/Водоснабжение,,водоснабжение,06.02.2023,"Строительство, дольщики, жилищные проблемы"
763678,"Обращение с регистрационным номером 763678, направленное в Блог Директор КГУ «Центр документации новейшей истории» управления цифровизации и архивов ВКО [ЗАЯВИТЕЛЬ] находится на рассмотрении у ГО",Транспорт,Общественный транспорт,query,Транспорт/Общественный транспорт,,көлік,06.02.2023,Информационно-коммуникационные технологии
763013,"ҚР Оқу-ағарту министрі [ЗАЯВИТЕЛЬ]Бейсембаевқа математик [ЗАЯВИТЕЛЬ] Жаңа жылмен бірге тағайындалған жаңа қызметіңіз құтты болсын! Еліміздегі білім беру ісін биікке көтеріп, жемісті қызмет ететініңізге сенеміз. [ЗАЯВИТЕЛЬ]Сағадиевтің министр",Дороги,Дорожное покрытие,query,Дороги/Дорожное покрытие,,жол,06.01.2023,Образование
762961,"Здравствуйте. Вынуждена срочно обратиться к вам. Суть в том. что в прилегающем дворе дома по ул. Шолохова дом 20 сносят казахскую школу. При этом разрушение зданий производят недозволенными способами: ковшом экскаваторов долбят крыши ,стены. От этого наш дом весь трясется как п",ЖКХ,Отопление,query,ЖКХ/Отопление,,отопление,06.01.2023,"Строительство, дольщики, жилищные проблемы"
762898,"Құрметті, Министр мырза, [ЗАЯВИТЕЛЬ]! Мен, [ЗАЯВИТЕЛЬ], Шымкент қаласы тұрғынымын. Мен, Сіздің жеке Өзіңізге бірнеше рет қайталап осы ""Ашық диалог "" порталыңызға арыз жазған болатынмын. Ондағы жазған өтінішім және шағымым полиция қызметкерлерінің заңсыз іс-әреке",Дороги,Дорожное покрытие,query,Дороги/Дорожное покрытие,,жол,05.01.2023,О работе государственных органов (госуслуги)
764743,"Обращение с регистрационным номером 764743, направленное в Блог [ЗАЯВИТЕЛЬ] академии образования им. [ЗАЯВИТЕЛЬ] находится на рассмотрении у ГО",Транспорт,Общественный транспорт,query,Транспорт/Общественный транспорт,,автобус,04.12.2023,Образование
762788,"Уважаемый аким, обращаюсь вам по поводу частных домов по улице кенесары 56/1, рядом с нами снесли школу 8 и мы попадали в зону отвода под строительство жк, последний раз в прямом эфире аким Байконурского района сказал что на этом участке строительства не будет!? Если не будет стр",ЖКХ,Водоснабжение,query,ЖКХ/Водоснабжение,,канализация,04.01.2023,Земельные вопросы
764419,"Обращение с регистрационным номером 764419, направленное в Блог Председатель Правления АО «Казахстанский центр модернизации и развития жилищно-коммунального хозяйства» [ЗАЯВИТЕЛЬ] находится на рассмотрении у ГО",ЖКХ,Водоснабжение,query,ЖКХ/Водоснабжение,,канализация,02.08.2023,"Строительство, дольщики, жилищные проблемы"
763654,"Здравствуйте. Прошу Вас пояснить следующее. На мое обращение в блог Министра энергетики РК [ЗАЯВИТЕЛЬ] (№ 758695) 08.11.2022 г., я получила ответ: ""В соответствии с АГСК-1-2015 «Перечень нормативных правовых актов и нормативно-технических документов в области архитекту",Транспорт,Общественный транспорт,query,Транспорт/Общественный транспорт,,транспорт,01.02.2023,Свободная тема
762725,"Обращение с регистрационным номером 762725, направленное в Блог [ЗАЯВИТЕЛЬ] РК [ЗАЯВИТЕЛЬ] отклонено ГО 12.01.2023",Транспорт,Общественный транспорт,query,Транспорт/Общественный транспорт,,транспорт,31.12.2022,Правоохранительные органы
762689,"Здравствуйте. Я, [ЗАЯВИТЕЛЬ], прошу Вас разобраться в произошедшей ситуации и принять соответствующие меры. Вчера, 29.12.2022 года, моего сына, [ЗАЯВИТЕЛЬ] 2005г.р. не пустили на поезд №623ТА, вагон №3, место №42, следованием Астана-Петропавловск. Отказ провод",Транспорт,Общественный транспорт,query,Транспорт/Общественный транспорт,,транспорт,30.12.2022,Транспорт
762537/1,Қызылорда облысының әкімі [ЗАЯВИТЕЛЬ] Қызылорда қаласының әкімі [ЗАЯВИТЕЛЬ] ҚР Ішкі істер министрі [ЗАЯВИТЕЛЬ] ҚР [ЗАЯВИТЕЛЬ] ҚР Сыбайлас жемқорлыққа қарсы іс-қимыл [ЗАЯВИТЕЛЬ] (Сыбайлас жемқорлыққа қарсы қызмет) [ЗАЯВИТЕЛЬ],ЖКХ,Водоснабжение,query,ЖКХ/Водоснабжение,,канализация,30.12.2022,"Строительство, дольщики, жилищные проблемы"
762534/1,Қызылорда облысының әкімі [ЗАЯВИТЕЛЬ] Қызылорда қаласының әкімі [ЗАЯВИТЕЛЬ] ҚР Ішкі істер министрі [ЗАЯВИТЕЛЬ] ҚР [ЗАЯВИТЕЛЬ] ҚР Сыбайлас жемқорлыққа қарсы іс-қимыл [ЗАЯВИТЕЛЬ] (Сыбайлас жемқорлыққа қарсы қызмет) [ЗАЯВИТЕЛЬ],ЖКХ,Водоснабжение,query,ЖКХ/Водоснабжение,,канализация,30.12.2022,"Строительство, дольщики, жилищные проблемы"
760739,"В официальной публикации министерства от 30 ноября 2022 года сообщается о сформированном общественном совете, в который вошли 21 человек. Просим сообщить: 1) полный перечень членов общественного совета 2) указать в соответствии с какими нормативными документами происходил отбор к",Освещение,Уличное освещение,query,Освещение/Уличное освещение,,освещение,30.11.2022,Образование
746038,"[ЗАЯВИТЕЛЬ], 2019-2021 жылдар аралығында, Түркістан қаласында ""TURKISTAN"" арнайы экономикалық аймағын құру жоспарына сәйкес, мемлекеттің мұқтажы үшін жаңадан құрылыс жұмыстарын жүргізуге «Түркістан жарық - тазалық» ЖШС-гі арқылы 543 тұрғын үй және кәс",Освещение,Уличное освещение,conflict,Благоустройство/Вывоз мусора,Освещение/Уличное освещение,қоқыс,30.06.2022,Малый и средний бизнес
762674,"Министру внутренних дел Республики Казахстан [ЗАЯВИТЕЛЬ] Жалоба на действие/бездействие сотрудников Департамента полиции города Семей, Департамента полиции Карагандинской области, Департамента полиции Западно-Казахстанской области, Управления собственной безопасности",Транспорт,Общественный транспорт,query,Транспорт/Общественный транспорт,,транспорт,29.12.2022,Правоохранительные органы
762673,"Обращение с регистрационным номером 762673, направленное в Блог [ЗАЯВИТЕЛЬ] РК [ЗАЯВИТЕЛЬ] отклонено ГО 27.01.2023",Транспорт,Общественный транспорт,query,Транспорт/Общественный транспорт,,транспорт,29.12.2022,Правоохранительные органы
762667,"Обращение с регистрационным номером 762667, направленное в Блог [ЗАЯВИТЕЛЬ] РК [ЗАЯВИТЕЛЬ] отклонено ГО 25.01.2023",Освещение,Уличное освещение,query,Освещение/Уличное освещение,,жарық,29.12.2022,Свободная тема
760623,"Здраствуйте! У нас вопрос касательно лицензии. Требуется ли наличие лицензии с подвидом: ""Природоохранное проектирование, нормирование для 1 категории хозяйственной и иной деятельности"" для разработки рабочего проекта (строительства, реконструкции, капитального ремонта",ЖКХ,Водоснабжение,query,ЖКХ/Водоснабжение,,водоснабжение,29.11.2022,Малый и средний бизнес
755782,"Обращение с регистрационным номером 755782, направленное в Блог Уполномоченный по правам человека в РК [ЗАЯВИТЕЛЬ] находится на рассмотрении у ГО",Освещение,Уличное освещение,query,Освещение/Уличное освещение,,жарық,29.09.2022,Свободная тема
755754,"Акиму города Алматы от [ЗАЯВИТЕЛЬ] ИИН [ИИН], 050035, город Алматы, микрорайон 10, дом 15-5, кВ.3; тел. 777-525-8757 e-mail [EMAIL] Ранее я неоднократно обращался о состоянии зеленого массива и благоустройства территории жилого дома 15-а в микр",Благоустройство,Вывоз мусора,rules,,Благоустройство/Вывоз мусора,благоустройство,29.09.2022,О работе государственных органов (госуслуги)
749022/2,"Обращение с регистрационным номером 749022/2, направленное в Блог Аким области Жетісу [ЗАЯВИТЕЛЬ] отклонено ГО 01.08.2022",ЖКХ,Водоснабжение,query,ЖКХ/Водоснабжение,,су,29.07.2022,О работе государственных органов (госуслуги)
749022/1,"Обращение с регистрационным номером 749022/1, направленное в Блог [ЗАЯВИТЕЛЬ] РК [ЗАЯВИТЕЛЬ] отклонено ГО 12.08.2022",ЖКХ,Водоснабжение,query,ЖКХ/Водоснабжение,,су,29.07.2022,О работе государственных органов (госуслуги)
762564,"Добрый день! Я как физическое лицо в 2019 году по просьбе местного исполнительного органа, самостоятельно построил жилой дом, акт приемки построенного объекта в эксплуатацию от 15.11.2019 г. Дата регистрации права собственности 26.11.2019 г. и в том же году согласно договора купл",Транспорт,Общественный транспорт,query,Транспорт/Общественный транспорт,,транспорт,28.12.2022,Финансы
762559,[ЗАЯВИТЕЛЬ] Казахастан [ЗАЯВИТЕЛЬ] РК по финансовому мониторингу [ЗАЯВИТЕЛЬ] от директора ТОО «ДезФумэкс » [ЗАЯВИТЕЛЬ] Тел: [ТЕЛЕФОН] Эл.почта: [EMAIL] ЗАЯВЛЕНИЕ Поводом настоящего обращения послужили про,Транспорт,Общественный транспорт,query,Транспорт/Общественный транспорт,,транспорт,28.12.2022,Малый и средний бизнес
762558,"Обращение с регистрационным номером 762558, направленное в Блог [ЗАЯВИТЕЛЬ] РК [ЗАЯВИТЕЛЬ] отклонено ГО 05.01.2023",Транспорт,Общественный транспорт,query,Транспорт/Общественный транспорт,,транспорт,28.12.2022,Малый и средний бизнес
762537,Қызылорда облысының әкімі [ЗАЯВИТЕЛЬ] Қызылорда қаласының әкімі [ЗАЯВИТЕЛЬ] ҚР Ішкі істер министрі [ЗАЯВИТЕЛЬ] ҚР [ЗАЯВИТЕЛЬ] ҚР Сыбайлас жемқорлыққа қарсы іс-қимыл [ЗАЯВИТЕЛЬ] (Сыбайлас жемқорлыққа қарсы қызмет) [ЗАЯВИТЕЛЬ],ЖКХ,Водоснабжение,query,ЖКХ/Водоснабжение,,канализация,28.12.2022,"Строительство, дольщики, жилищные проблемы"
762536,Қызылорда облысының әкімі [ЗАЯВИТЕЛЬ] Қызылорда қаласының әкімі [ЗАЯВИТЕЛЬ] ҚР Ішкі істер министрі [ЗАЯВИТЕЛЬ] ҚР [ЗАЯВИТЕЛЬ] ҚР Сыбайлас жемқорлыққа қарсы іс-қимыл [ЗАЯВИТЕЛЬ] (Сыбайлас жемқорлыққа қарсы қызмет) [ЗАЯВИТЕЛЬ],ЖКХ,Водоснабжение,query,ЖКХ/Водоснабжение,,канализация,28.12.2022,"Строительство, дольщики, жилищные проблемы"
762535,"Обращение с регистрационным номером 762535, направленное в Блог [ЗАЯВИТЕЛЬ] РК [ЗАЯВИТЕЛЬ] отклонено ГО 05.01.2023",ЖКХ,Водоснабжение,query,ЖКХ/Водоснабжение,,канализация,28.12.2022,"Строительство, дольщики, жилищные проблемы"
762534,Қызылорда облысының әкімі [ЗАЯВИТЕЛЬ] Қызылорда қаласының әкімі [ЗАЯВИТЕЛЬ] ҚР Ішкі істер министрі [ЗАЯВИТЕЛЬ] ҚР [ЗАЯВИТЕЛЬ] ҚР Сыбайлас жемқорлыққа қарсы іс-қимыл [ЗАЯВИТЕЛЬ] (Сыбайлас жемқорлыққа қарсы қызмет) [ЗАЯВИТЕЛЬ],ЖКХ,Водоснабжение,query,ЖКХ/Водоснабжение,,канализация,28.12.2022,"Строительство, дольщики, жилищные проблемы"
762530,Қызылорда облысының әкімі [ЗАЯВИТЕЛЬ] Қызылорда қаласының әкімі [ЗАЯВИТЕЛЬ] ҚР Ішкі істер министрі [ЗАЯВИТЕЛЬ] ҚР [ЗАЯВИТЕЛЬ] ҚР Сыбайлас жемқорлыққа қарсы іс-қимыл [ЗАЯВИТЕЛЬ] (Сыбайлас жемқорлыққа қарсы қызмет) [ЗАЯВИТЕЛЬ],ЖКХ,Водоснабжение,query,ЖКХ/Водоснабжение,,канализация,28.12.2022,"Строительство, дольщики, жилищные проблемы"
760494,"Прошу рассмотреть подключение уличного освещения, светофоров по улице Әнет баба, со стороны улицы Мухамедханова в сторону пр.Сыганак.",Дороги,Светофоры,conflict,Освещение/Уличное освещение,Дороги/Светофоры,освещение,28.11.2022,"Строительство, дольщики, жилищные проблемы"
760422,"Спасибо за ответ https://dialog.egov.kz/blogs/all-questions/760069. Однако на вопрос так и не ответили. Когда на сайте КДСиЖКХ [ЗАЯВИТЕЛЬ] опубликуют следующие документы к Приказу № 134-НҚ от 30 июня 2022 года ""Об утверждении Методического документа Республики Казахстан «Стандар",,,none,,,благоустройство,28.11.2022,О работе государственных органов (госуслуги)
760406,"Доброе утро, в [ЗАЯВИТЕЛЬ] государства РК г-на [ЗАЯВИТЕЛЬ] обозначена общая задача – воплотить в жизнь Концепцию «Слышащего государства», которое оперативно и эффективно реагирует на все конструктивные запросы граждан. Путем постоянного диалога власти и общества",Освещение,Уличное освещение,query,Освещение/Уличное освещение,,освещение,28.11.2022,"Строительство, дольщики, жилищные проблемы"
760405,"Просим рассмотреть работу, ответственность и принять меры в отношении КСК ""Байтерек-2010"" , который обслуживает жилой дом, расположенный по адресу пр. Құдайбердіұлы, 5. С 26 ноября, когда температурный режим в столице составлял минус 30 градусов, в жилом доме по Құдайбе",,,none,,,благоустройство,28.11.2022,"Строительство, дольщики, жилищные проблемы"
760403,"Благодарственное письмо Здравствуйте, уважаемый [ЗАЯВИТЕЛЬ]! Высоко оценивая Ваш труд и профессионализм, позвольте выразить своё почтение, а также признательность за Ваши успехи. Хочу поблагодарить Вас за реализацию [ЗАЯВИТЕЛЬ] государства Касым-[ЗАЯВИТЕЛЬ] наро",,,none,,,благоустройство,28.11.2022,Спорт
755615,"Уважаемый [ЗАЯВИТЕЛЬ]! Со своей идеей благоустройства нашей области к вам обращается творческий коллектив WomenArtДизайн, который уже много лет занимается дизайном и развитием национального искусства Казахстана. Нашей области и нашей стране всегда было и есть чем гордитс",Благоустройство,Вывоз мусора,rules,,Благоустройство/Вывоз мусора,благоустройство,28.09.2022,"Культура, информация и экология"
762515,"Добрый день, уважаемый [ЗАЯВИТЕЛЬ]! Я являюсь жителем города Караганды. В августе текущего года в нашем девятиэтажном жилом доме, на основании государственной программы «[ЗАЯВИТЕЛЬ] 2020-2025», установили новый лифт. С этой целью, собственники квартир провели общее с",ЖКХ,Лифт,conflict,Освещение/Уличное освещение,ЖКХ/Лифт,освещение,27.12.2022,"Строительство, дольщики, жилищные проблемы"
762490,"Здравствуйте. Сложилась следующая ситуация, буду краток. В 2013 году, в г. Талдыкорган, на тот момент Алматинской области. Мною, [ЗАЯВИТЕЛЬ], соучредителем и директором ТОО ""ЖетысуСтрой-Град"", при обращении в городской отдел строительства, руководит",ЖКХ,Водоснабжение,query,ЖКХ/Водоснабжение,,водоснабжение,27.12.2022,Малый и средний бизнес
762457/1,"Добрый день. Вынужден обратиться к вам вновь т.к. уже обращался по поводу принятия мер в отношении безответственного и халатного отношения к своим обязанностям ответственных лиц акимата Сайрамского района , акимата Туркестанской области ,а также других лиц. Дело в том .что",Благоустройство,Вывоз мусора,query,Благоустройство/Вывоз мусора,,мусор,27.12.2022,О работе государственных органов (госуслуги)
762457,"Добрый день. Вынужден обратиться к вам вновь т.к. уже обращался по поводу принятия мер в отношении безответственного и халатного отношения к своим обязанностям ответственных лиц акимата Сайрамского района , акимата Туркестанской области ,а также других лиц. Дело в том .что",Благоустройство,Вывоз мусора,query,Благоустройство/Вывоз мусора,,мусор,27.12.2022,О работе государственных органов (госуслуги)
757992,"Мы жители села [ЗАЯВИТЕЛЬ] района Алматинской области, где проживают более 10000 человек, просим Вас помочь рабраться в деле касающего газификации села Жаналык. Ранее мы обращались в ЖКХ о газификации села Жаналык. На что пришёл ответ от руководителя гос.учреждения """,Благоустройство,Вывоз мусора,query,Благоустройство/Вывоз мусора,,мусор,27.10.2022,Свободная тема
757971,"Шымкент қ. Абай және Қаратау аудандары түйіскен Алматы тас жолы мен [ЗАЯВИТЕЛЬ] көшелерінің қиылысында орналасқан (бұрынғы қоқыс полигоны) Нұршуақ елді мекенінің маңындағы ""свалка"" аумағы қосқыстан тазартылғалы бірнеше жыл өтті? Бұрынғы қоқыс аумағы тұрғындар игілі",Дороги,Дорожное покрытие,conflict,Благоустройство/Вывоз мусора,Дороги/Дорожное покрытие,қоқыс,27.10.2022,Земельные вопросы
757906,"Ассалаумағалейкум есімім [ЗАЯВИТЕЛЬ], сұрақ: Жер кодексі 44-1 бабында ҚР Жер кодексi 44-1-бабы 8 тармағында: ""Жеке тұрғын үй құрылысы үшін жер учаскелері сұратылған кезде азаматтардың өтініштері (қолдаухаттары) арнайы есепке алынады және бөліп берілетін алаңдардың дай",Благоустройство,Вывоз мусора,query,Благоустройство/Вывоз мусора,,қоқыс,27.10.2022,Земельные вопросы
755518,"Обращение с регистрационным номером 755518, направленное в Блог [ЗАЯВИТЕЛЬ] РК [ЗАЯВИТЕЛЬ] отклонено ГО 04.11.2022",,,none,,,благоустройство,27.09.2022,О работе государственных органов (госуслуги)
752386,"Уважаемый [ЗАЯВИТЕЛЬ]! Обращаемся к Вам от лица жителей г. Алматы, проживающих в микрорайоне Нур-Алатау (Бостандыкский район). В нашем микрорайоне есть следующие проблемы, вызывающие риски для жизни и здоровья детей и взрослых. Первая касается парка, находящегося в квад",Благоустройство,Вывоз мусора,query,Благоустройство/Вывоз мусора,,мусор,27.08.2022,Свободная тема
757883,"Здравствуйте, [ЗАЯВИТЕЛЬ]. Прошу разъяснить положения налогового законодательства. Компания, как собственник объекта несет расходы по благоустройству и озеленению промышленной зоны, на которой расположено производственное предприятие и для этих целей приобретает удобрения",Благоустройство,Вывоз мусора,rules,,Благоустройство/Вывоз мусора,благоустройство,26.10.2022,Свободная тема
755404,"Акиму города Астана г-ну [ЗАЯВИТЕЛЬ] Уважаемый [ЗАЯВИТЕЛЬ]! Я, [ЗАЯВИТЕЛЬ] и моя многодетная семья, живем в частном доме на пересечение улиц Караоткель и [ЗАЯВИТЕЛЬ], в микрорайоне ""Чубары"" Есильского района города Астана. В непосредс",Благоустройство,Вывоз мусора,query,Благоустройство/Вывоз мусора,,мусор,26.09.2022,Земельные вопросы
762347,"Добрый вечер, уважаемый [ЗАЯВИТЕЛЬ]! Во-первых, хотим выразить благодарность за то, что наш район ЖБИ, ранее забытый всеми, сегодня процветает. Благоустраиваются дворы, содержатся в порядке и освещаются улицы, проводятся новые линии водопровода. На фон",ЖКХ,Водоснабжение,conflict,Освещение/Уличное освещение,ЖКХ/Водоснабжение,освещение,25.12.2022,Социальное обеспечение
757820,"Мы жители села [ЗАЯВИТЕЛЬ] района Алматинской области, где проживают более 6000 человек, просим Вас помочь рабраться в деле касающего газификации села Жаналык. Ранее мы обращались в ЖКХ о газификации села Жаналык. На что пришёл ответ от руководителя гос.учреждения """,Благоустройство,Вывоз мусора,query,Благоустройство/Вывоз мусора,,мусор,25.10.2022,Свободная тема
757817,"Ассалаумағалейкум. [ЗАЯВИТЕЛЬ] облысы Жамбыл ауданы Бектөбе аулының тұрғындары шағымы мен өтінішін білдіргім келеді. Ауылымыз Тараз қаласының орталығынан 8 шақырым жерде орналасқан. Көптеген жылдар бойы Электр тоғы қуатының тұрақсыздығынан зардап шегіп келеміз, Ауылымыз толық орта",Освещение,Уличное освещение,query,Освещение/Уличное освещение,,жарық,25.10.2022,Регионы
757816,Ассалаумағалейкум министрлік өкілдері мен [ЗАЯВИТЕЛЬ]. [ЗАЯВИТЕЛЬ] облысы Жамбыл ауданы Бектөбе аулының тұрғындары шағымы мен өтінішін білдіргім келеді. Ауылымыз Тараз қаласының орталығынан 8 шақырым жерде орналасқан. Көптеген жылдар бойы Электр тоғы қуатының тұрақсыздығынан зар,Освещение,Уличное освещение,query,Освещение/Уличное освещение,,жарық,25.10.2022,Регионы
757792,"Обращение с регистрационным номером 757792, направленное в Блог Аким Алматинской области [ЗАЯВИТЕЛЬ] отклонено ГО 27.10.2022",Освещение,Уличное освещение,query,Освещение/Уличное освещение,,жарық,24.10.2022,Свободная тема
757789,"Добрый день, [ЗАЯВИТЕЛЬ]! Меня зовут [ЗАЯВИТЕЛЬ], я являюсь руководителем проектов в компании IGP. Предлагаю рассмотреть технологию проецирования дорожной разметки при помощи гобо-проекторов IGP и возможное применение в городских зонах, зонах повышенной опасности д",Дороги,Светофоры,query,Дороги/Светофоры,,светофор,24.10.2022,Транспорт
757788,"Добрый день, [ЗАЯВИТЕЛЬ]! Меня зовут [ЗАЯВИТЕЛЬ], я являюсь руководителем проектов в компании IGP. Предлагаю рассмотреть технологию проецирования дорожной разметки при помощи гобо-проекторов IGP и возможное применение в городских зонах, зонах повышенной опасности дл",Дороги,Светофоры,query,Дороги/Светофоры,,светофор,24.10.2022,Транспорт
757787,"Обращение с регистрационным номером 757787, направленное в Блог Генеральный директор РГП «Национальный центр качества дорожных активов» [ЗАЯВИТЕЛЬ] находится на рассмотрении у ГО",Дороги,Светофоры,query,Дороги/Светофоры,,светофор,24.10.2022,Транспорт
751924,"Уважаемый Шукеев [ЗАЯВИТЕЛЬ] ! Обращаемся к Вам! О нарушение экологического кодекса РК. По поводу закрытие незаконного полигона для свалки мусора которого расположенного в село Аксукент , ул Сураншы батира, рядом старой центральной котельной. От стороны жителей было письм",ЖКХ,Отопление,conflict,Благоустройство/Вывоз мусора,ЖКХ/Отопление,мусор,24.08.2022,"Культура, информация и экология"
760069,"Здравствуйте, прошу ответить на вопрос, когда на сайте КДСиЖКХ [ЗАЯВИТЕЛЬ] опубликуют следующие документы к Приказу № 134-НҚ от 30 июня 2022 года ""Об утверждении Методического документа Республики Казахстан «Стандарт комплексной застройки городов»: Часть 1 «Свод принципов компл",,,none,,,благоустройство,23.11.2022,О работе государственных органов (госуслуги)
751817,"[ЗАЯВИТЕЛЬ] прокуроратураға ҚР Алматы облысының әкімдігі Специализированная природоохранная прокуратура Алматинской области Сіздерге арыз жазу себебім үйіміздің артқы жағында үлкен сай болатын еді, және ол жерден тау сулары жиналып арықтарға бөлінетін болатын",Благоустройство,Вывоз мусора,query,Благоустройство/Вывоз мусора,,қоқыс,23.08.2022,Земельные вопросы
751816,"Обращение с регистрационным номером 751816, направленное в Блог [ЗАЯВИТЕЛЬ] РК [ЗАЯВИТЕЛЬ] отклонено ГО 14.09.2022",Благоустройство,Вывоз мусора,query,Благоустройство/Вывоз мусора,,қоқыс,23.08.2022,Земельные вопросы
762249,"Вечер добрый. Ответом на обращение №761369 не удовлетворён. Обращение было связанно не с подземным переходом, а о другом. Дублирую еще раз. ""Вечер добрый. Прошу Акимат г. Алматы и соответствующие службы города провести служебную проверку юго-восточной части (от центральног",Благоустройство,Вывоз мусора,query,Благоустройство/Вывоз мусора,,мусор,22.12.2022,Свободная тема
751540,"сбыт готовой молочной продукции). Но это очень упрощенная картина, и на практике имеет место целый ряд взаимосвязей, а также проблем, характерных для каждого сегмента отрасли. Если проанализировать политику государства по отношению ко всей этой отрасли, а также информационную с",Благоустройство,Вывоз мусора,query,Благоустройство/Вывоз мусора,,мусор,22.08.2022,Сельское хозяйство
759818,"Уважаемый [ЗАЯВИТЕЛЬ]! Прошу Вас дать разъяснение по следующему вопросу: наша компания в 2022 году построила бюджетный объект- многоквартирный жилой дом в одном из сел ЗКО. Согласно условий конкурса, а следовательно и договора нами выполнено",,,none,,,благоустройство,21.11.2022,"Строительство, дольщики, жилищные проблемы"
755009,"[ЗАЯВИТЕЛЬ]! Сізге Алматы облысы, Талғар ауданы, Тұздыбастау ауылынан ашылған ""Elite School"" жекеменшік мектебінен хабарласып отырмын. Біздің жекеменшік мектебі 2021-22 оқу жылында ашылып, ғимаратты жалға алып, халыққа қызмет жасаған болатынбыз. Биыл &quot",Освещение,Уличное освещение,query,Освещение/Уличное освещение,,жарық,21.09.2022,Образование
761998/1,"Здравствуйте!не знаю к кому именно обращаться!Можно узнать на счет очередности квартир?я сирота,хотела бы узнать почему очередь не двигается!кто новый впереди появляется,мы на том же месте стоим!Мы уже давно стоим на очереди,сначало мама стояла по потери кормильца,потом как она у",ЖКХ,Отопление,query,ЖКХ/Отопление,,отопление,20.12.2022,"Строительство, дольщики, жилищные проблемы"
754845,Добрый день! С мая 2020 по январь 2021 я работала в ТОО Дедов и ТОО Торговый дом Гринвич. 1. Я до сих пор не получила компенсацию при увольнении. 2. ТОО Торговый дом Гринвич не внесло мои данные в единый реестр трудовых договоров. 3. До сих пор НЕ перечислены налоги и платежи,Благоустройство,Вывоз мусора,query,Благоустройство/Вывоз мусора,,мусор,20.09.2022,Занятость населения
754785,"[ЗАЯВИТЕЛЬ]Көлгінов мырза. Біз Астана қаласы, Есіл ауданы, Е 489 көшесі, 5 үй мекен-жайнда орналасқан Аниса тұрғын үй кешені түрғындары төмендегі шешімін таба ламған мәселе бойынша өтініш жіберіп отырмыз. Біздің мәселеміз 2021 жылы берілген Эмир тұрғын үй кешенінің",Благоустройство,Вывоз мусора,query,Благоустройство/Вывоз мусора,,қоқыс,20.09.2022,"Строительство, дольщики, жилищные проблемы"
748227,"Шымкент қ. Абай және Қаратау аудандары түйіскен Алматы тас жолы мен [ЗАЯВИТЕЛЬ] көшелерінің қиылысында орналасқан (бұрынғы қоқыс полигоны) Нұршуақ елді мекенінің маңындағы ""свалка"" аумағына қашан қаланың бас жоспарына сай қандай нысан салынбақ? Тұрғындар аузында са",Дороги,Дорожное покрытие,conflict,Благоустройство/Вывоз мусора,Дороги/Дорожное покрытие,қоқыс,20.07.2022,Земельные вопросы
761998,"Здравствуйте!не знаю к кому именно обращаться!Можно узнать на счет очередности квартир?я сирота,хотела бы узнать почему очередь не двигается!кто новый впереди появляется,мы на том же месте стоим!Мы уже давно стоим на очереди,сначало мама стояла по потери кормильца,потом как она у",ЖКХ,Отопление,query,ЖКХ/Отопление,,отопление,19.12.2022,"Строительство, дольщики, жилищные проблемы"
761994,"Акиму города Астаны [ЗАЯВИТЕЛЬ] Акиму района «Есиль» города Астана [ЗАЯВИТЕЛЬ] Генеральному директору ГКП «Астана [ЗАЯВИТЕЛЬ]» [ЗАЯВИТЕЛЬ] Объединением собственников имущества «Каратау-Орда», расположенного по адресу: г.Астана, ул.Керей-Жанибек, дом",ЖКХ,Водоснабжение,query,ЖКХ/Водоснабжение,,водоснабжение,19.12.2022,"Строительство, дольщики, жилищные проблемы"
761990,Добрый день. Мы жильцы второго подъезда дома по улицы Жангельдина 16Б. 15.12.2022 года у нас в подъезде случился пожар перегорела вся проводка с первого по пятый этаж вместе с учетными приборами. Разговаривали о помощи с ТОО «Энергопоток» нам ответили что это не в их ком,Освещение,Уличное освещение,query,Освещение/Уличное освещение,,жарық,19.12.2022,"Строительство, дольщики, жилищные проблемы"
751350,"[ЗАЯВИТЕЛЬ] мырза! Қызметіңіз құтты болсын! Халыққа жақын боларсыз деген үмітпен жазып отырмын. Сіз басшылық жасайтын облыстың шеңберінде Қайнар ауылы бар. Қайнар ауылдық округіне, Талғар ауданына қарайды. Кіші-гірім ауыл. Бірақ шешілмеген мәселелері өте көп. Оның ішін",Благоустройство,Вывоз мусора,query,Благоустройство/Вывоз мусора,,қоқыс,19.08.2022,О работе государственных органов (госуслуги)
736112,"Қайырлы күн. [ЗАЯВИТЕЛЬ] облысы, Целиноград ауданы, Қараөткел ауылының тұрғынымын. [ЗАЯВИТЕЛЬ]-Сұлтан қаласының Есіл ауданымен шектесіп жатыр. [ЗАЯВИТЕЛЬ]-Сұлтан қаласының 12 емханасына қараймыз, жедел-жәрдем Нұр-Сұлтан қаласынан келеді. Қар еріп, күн жылығалы ауылымыздың жағдайы",Благоустройство,Вывоз мусора,query,Благоустройство/Вывоз мусора,,қоқыс,19.04.2022,О работе государственных органов (госуслуги)
761946,"[ЗАЯВИТЕЛЬ] Казахстан [ЗАЯВИТЕЛЬ]-[ЗАЯВИТЕЛЬ] __________________________________ 010000, г.Астана, Проспект [ЗАЯВИТЕЛЬ], 8 Акиму города Алматы [ЗАЯВИТЕЛЬ] Аскарбековичу _______________________________ 050000, г. Алматы, просп. [ЗАЯВИТЕЛЬ], 74А У",ЖКХ,Водоснабжение,query,ЖКХ/Водоснабжение,,канализация,18.12.2022,Земельные вопросы
759634,Согласно п.п.10 п.17 Правил пользования электрической энергией утвержденных приказом Министра министра энергетики Республики Казахстан № 143 от 25.02.2022 года в технических условиях на электроснабжение указывается требование по усилению существующей электрической сети. В некото,Освещение,Уличное освещение,query,Освещение/Уличное освещение,,жарық,18.11.2022,Свободная тема
757414,"Мы нижеподписавшиеся, просим разобраться в нашей ситуации и принять меры. На территории бывшего садоводческого товарищества «Дархан-2» расположено 30 домов, проживающих людей более 100 человек, многие из которых пенсионеры, есть многодетные семьи. Трансформаторная подстанция ТП 5",,,none,,,благоустройство,18.10.2022,"Строительство, дольщики, жилищные проблемы"
747913,"Алматы облысының әкімі М.Е Cұлтанғазиев мырзаға Алматы облысы Карасай ауданы, Қырғауылды ауылы тұрғыны [ЗАЯВИТЕЛЬ] және Алматы облысы Карасай ауданы Қырғауылды ауылы тұрғындарынан Сот тел [ТЕЛЕФОН] Арыз хат Сізге арыз жазу себебім, біз Кыргауылды ауылында турамыз, біздің кө",Благоустройство,Вывоз мусора,query,Благоустройство/Вывоз мусора,,қоқыс,18.07.2022,"Строительство, дольщики, жилищные проблемы"
761918,"Здравствуйте! Я проживаю по адресу г. Алматы, ул. Бруно 91, кв 4 Наш дом обслуживает КСК [ЗАЯВИТЕЛЬ], на протяжении всего времени существования КСК они занимают подвальное помещение нашего дома, попасть к ним не возможно, приходят утром включают свет, закрывают на замок и ухо",,,none,,,благоустройство,17.12.2022,"Строительство, дольщики, жилищные проблемы"
759533,"Просим дать пояснения по нижеследующей ситуации. Компания получила право временного возмездного краткосрочного землепользования на 2 земельных участка, целевое назначение земельных участков: для благоустройства и озеленения территории и парковки. 1. По первому участку планируетс",Благоустройство,Вывоз мусора,rules,,Благоустройство/Вывоз мусора,благоустройство,17.11.2022,"Строительство, дольщики, жилищные проблемы"
759265/1,"Здравствуйте, [ЗАЯВИТЕЛЬ] . Я, [ЗАЯВИТЕЛЬ] [ИИН] жительница Карагандинской области, Актогайского района, станции Сарышаган, ул. 3-ыкшам аудан, 6 дом, кв.30. [ЗАЯВИТЕЛЬ] так как ранее писала акиму Карагандинской области [ЗАЯВИТЕЛЬ], пришёл ответ на м",Благоустройство,Вывоз мусора,query,Благоустройство/Вывоз мусора,,мусор,17.11.2022,О работе государственных органов (госуслуги)
757345,"Уважаемый [ЗАЯВИТЕЛЬ]! Ниже текст обращения который я вам арестовал 15.11.21 г. на ваш блог. Так как спустя почти год ситуация на мой взгляд если и изменилась, то минимально, сделали ли ответственные ПСД, включили ли в план на 2022 г. указанные в обращении улицы, если не то",Дороги,Светофоры,query,Дороги/Светофоры,,светофор,17.10.2022,О работе государственных органов (госуслуги)
754485,"[ЗАЯВИТЕЛЬ] облысының әкімі [ЗАЯВИТЕЛЬ] мырза! Мен жеке кәсіпкер [ЗАЯВИТЕЛЬ] 2009 жылынан бері электро жүйесімен кедергі болмаған еді. Азық түлік дүкеніме Атамекен селосы Жадыра 15 2021 жылының аяғында [ЗАЯВИТЕЛЬ] келісім шартқа тұрып, жаз бойы электро жүйесінің қайта",Освещение,Уличное освещение,query,Освещение/Уличное освещение,,жарық,17.09.2022,Свободная тема
759466,"Обращение с регистрационным номером 759466, направленное в Блог [ЗАЯВИТЕЛЬ] РК [ЗАЯВИТЕЛЬ] отклонено ГО 07.12.2022",,,none,,,благоустройство,16.11.2022,О работе государственных органов (госуслуги)
759431,"Уважаемый Искалиев [ЗАЯВИТЕЛЬ], к Вам обращается житель города г. Уральск Домрычева [ЗАЯВИТЕЛЬ]. Я проживаю по адресу г. Уральск, мкр-н Северо-Восток-2, дом 35. В конце октября 2022 года, [ЗАЯВИТЕЛЬ], провели рейд по дворам города, и по",,,none,,,благоустройство,16.11.2022,Транспорт
759389,"Жанатұрмыс суықта және сусыз!!! Алматы облысы Қарасай ауданы Жаңатұрмыс поселкесінің тұрғындарынан [ЗАЯВИТЕЛЬ]-Жомарт ТОҚАЕВ пен Үкімет басшыларына петиция Дәл осы күндері Алматы қаласының тура іргесіндегі Жаңатұрмыс ауылының тұрғындары 5 күннен бері (8.112020 -12.11.2022),",Освещение,Уличное освещение,query,Освещение/Уличное освещение,,жарық,16.11.2022,Социальное обеспечение
754423,"Обращаемся к Вам! О нарушение экологического кодекса РК. По поводу закрытие незаконного полигона для свалки мусора которого расположенного в Сайрамском районе, в село Аксукент , ул Сураншы батира, рядом с старой центральной котельной. От стороны жителей было письменная обращение",ЖКХ,Отопление,conflict,Благоустройство/Вывоз мусора,ЖКХ/Отопление,мусор,16.09.2022,"Культура, информация и экология"
754262/1,"ҚР-ның Мәдениет және Спорт министрі [ЗАЯВИТЕЛЬ] мырзаға ҚР азаматы [ЗАЯВИТЕЛЬ] елімізде теледидардан көрсетіліп жатқан бағдарламалардың,кино-сериалдардың ұлттық құндылықтарға,идеологияға қарама-қайшы келе",Освещение,Уличное освещение,query,Освещение/Уличное освещение,,жарық,16.09.2022,"Культура, информация и экология"
761851,"Здравствуйте, [ЗАЯВИТЕЛЬ]. 1. В проекте приказа Об утверждении Методики расчета нормативов энергопотребления, опубликованного на интернет ресурсе 27.09.2022 года Вами предлагается такая трактовка: При расчете нормативов тепловых потерь через тепловую изоляцию для тепловых",ЖКХ,Отопление,query,ЖКХ/Отопление,,отопление,15.12.2022,Свободная тема
761843,"Здравствуйте! Я,[ЗАЯВИТЕЛЬ],ветеран труда,пишу из города Тараз. Написать к Вам письмо заставило такое обстоятельство.Мой сын [ЗАЯВИТЕЛЬ],военнослужащий РК получил в 2016г в Таразе в качестве арендного жилья квартиру по адресу Атшабар 17/1,кв52 .Начиная с этого",ЖКХ,Водоснабжение,query,ЖКХ/Водоснабжение,,водоснабжение,15.12.2022,"Строительство, дольщики, жилищные проблемы"
761835,"Добрый день уважаемый аким! обращаюсь к Вам с такой проблемой, у нас по улице Е489 дом 3 и дом 5 отсутствуют дороги... пыль, грязь отсутствие благоустройства. Во время дождей дети и взрослые люди надевают пакеты на ноги чтобы выбраться из дому. (это центре города). прошу Вас прин",Дороги,Дорожное покрытие,rules,,Дороги/Дорожное покрытие,благоустройство,15.12.2022,Свободная тема
761825,"Здравствуйте, мы являемся пайщиками ЖК Талисман, признанным проблемным. Дом сдан в мае 2022 года, однако элементарные вопросы жизнеобеспечения ЖК по сей день не решены, а именно, электричество и канализационные сети. Также нет решения по вопросам качественного освещения дороги, о",ЖКХ,Водоснабжение,conflict,Освещение/Уличное освещение,ЖКХ/Водоснабжение,освещение,15.12.2022,"Строительство, дольщики, жилищные проблемы"
759306,"Настоящим просим Вас дать разъяснение касательного путевого листа автотранспортных средств, а именно: 1. Существует ли утвержденная форма путевого листа для частных юридических лиц? Если нет какие данные должен содержать путевой лист? 2. Каким нормативно правовым актом регулирует",Освещение,Уличное освещение,query,Освещение/Уличное освещение,,жарық,15.11.2022,Свободная тема
759265,"Здравствуйте, [ЗАЯВИТЕЛЬ] . Я, [ЗАЯВИТЕЛЬ] [ИИН] жительница Карагандинской области, Актогайского района, станции Сарышаган, ул. 3-ыкшам аудан, 6 дом, кв.30. [ЗАЯВИТЕЛЬ] так как ранее писала акиму Карагандинской области [ЗАЯВИТЕЛЬ], пришёл ответ на м",Благоустройство,Вывоз мусора,query,Благоустройство/Вывоз мусора,,мусор,15.11.2022,О работе государственных органов (госуслуги)
759212,"Здравствуйте! Я писала обращение 05 июля 2022 года, номер обращения 746627. Текст обращения и два ответа на него, переведены ниже моего письма. На сегодняшний день наш вопрос с которым я обращалась не решен. По освещению - бригада приехала после того как я несколько раз звонила",Освещение,Уличное освещение,conflict,ЖКХ/Водоснабжение,Освещение/Уличное освещение,канализация,15.11.2022,Свободная тема
754262,"ҚР-ның Мәдениет және Спорт министрі [ЗАЯВИТЕЛЬ] мырзаға ҚР азаматы [ЗАЯВИТЕЛЬ] елімізде теледидардан көрсетіліп жатқан бағдарламалардың,кино-сериалдардың ұлттық құндылықтарға,идеологияға қарама-қайшы келе",Освещение,Уличное освещение,query,Освещение/Уличное освещение,,жарық,15.09.2022,"Культура, информация и экология"
754232,"Здравствуйте [ЗАЯВИТЕЛЬ]. Обращаются к Вам жители с. Саумалколь улицы Степная. Просим Вас посодействовать в решении нашей проблемы а именно [ЗАЯВИТЕЛЬ]. Улица была перекопана 3 года назад при строительстве водопровода, все три года к нам не хотят выезжать ни скорая, ни газ",ЖКХ,Водоснабжение,rules,,ЖКХ/Водоснабжение,благоустройство,15.09.2022,Свободная тема
750803,"Қайырлы күн. Нұр-сұлтан қаласының әкімі [ЗАЯВИТЕЛЬ] кездесуге 2022 ж 22 сәуірден бастап жазылып келемін, қабылдамайды. Алғашында eotinish порталымен екі рет жібердім. Себебі egov-та әкімнің қабылдау күні шықпады. Сосын әкімдік қызметкері eotinish порталымен жіберіңіз деге",Благоустройство,Вывоз мусора,query,Благоустройство/Вывоз мусора,,қоқыс,15.08.2022,"Строительство, дольщики, жилищные проблемы"
761793,"Дополнение к запросу ЖТ-2022-02845452 от 12.12.22 года Согласно подпункту 2, подпункту 16, подпункту 32 пункту 1 статьи 4, статьи 5, пункту 1 статьи 7, пункту 1 и пункту 2 статьи 8, статьи 9, статьи 10, статьи 12, статьи 13, статьи 14 и статьи 15 Административного процедурно-про",,,none,,,благоустройство,14.12.2022,"Строительство, дольщики, жилищные проблемы"
754189,"Арыз жазу себебім сізге Қарасай аудыны әкімінің аппараты келіп түскен жауап хатына 5.08.2022ж көрсетілген арыз хаттағы жерге нақты құжаттарына тексеріру жүргзілген жок, кадастрлік нөмері 03-047-292-1603 жер телімі 26.05.2014 жылы және кадастрлік нөмері 03-047-292-163 жер тел",Благоустройство,Вывоз мусора,query,Благоустройство/Вывоз мусора,,қоқыс,14.09.2022,Земельные вопросы
754180,"Здравствуйте, можно как-то обратить внимание на отдел ЖКХ г.Костаная. Во дворе дома Маяковского 121 был ремонт: замена асфальта. После замены, мусорные баки перенесли в другие дворы по ул. Волынова, 8. Моя мама одна проживает по Маяковского 121 и она ограничена в физическом плане",Дороги,Дорожное покрытие,conflict,Благоустройство/Вывоз мусора,Дороги/Дорожное покрытие,мусор,14.09.2022,Социальное обеспечение
754160,"Добрый день, уважаемый Аким!!! На мое обращение касательно проезда к ЖК Алтын дала, вы ответили следующее: Уважаемая [ЗАЯВИТЕЛЬ]! [ЗАЯВИТЕЛЬ] благодарность за участие в развитии улично - дорожной сети города! [ЗАЯВИТЕЛЬ] обращение, сообщаю, что на сегодняшний день ведутся",,,none,,,благоустройство,14.09.2022,Свободная тема
754097,"Уважаемый аким! Ваши подчиненные при рассмотрении конкретных вопросов занимаются отписками. Если не будут приняты конкретные меры по очистке и благоустройству территории, прилегающей к дому 15-а в микрорайоне 10 (номер обращения 752471 от 29.08.2022) вынужден подать жалобу на вас",Благоустройство,Вывоз мусора,rules,,Благоустройство/Вывоз мусора,благоустройство,14.09.2022,О работе государственных органов (госуслуги)
761690,"Согласно подпункту 2, подпункту 16, подпункту 32 пункту 1 статьи 4, статьи 5, пункту 1 статьи 7, пункту 1 и пункту 2 статьи 8, статьи 9, статьи 10, статьи 12, статьи 13, статьи 14 и статьи 15 Административного процедурно-процессуального кодекса Республики Казахстан, статьи 11 Зак",,,none,,,благоустройство,13.12.2022,"Строительство, дольщики, жилищные проблемы"
759026,"Уважаемая [ЗАЯВИТЕЛЬ], обращаюсь к Вам как гаранту защиты прав детей, в том числе права школьников на безопасность жизни. Цель моего обращения- безопасность пешеходов, в первую очередь детей, а именно, создание безопасных условий для пересечения проспекта Сей",Дороги,Светофоры,query,Дороги/Светофоры,,светофор,13.11.2022,Свободная тема
753984,"Добрый день!Я живу по адресу Аршалы 62 на трасее,дорогу с 2020 года перестали убирать.Рядом с моим домом открылись предприятия которые принимают мукулатуру и разбрасывают мусор вдоль дороги.Также напротив дома открылось СТО которое ставит кучу машин вдоль дороги где нет парковки,",Дороги,Дорожное покрытие,conflict,Благоустройство/Вывоз мусора,Дороги/Дорожное покрытие,мусор,13.09.2022,Образование
753958/1,"[ЗАЯВИТЕЛЬ]! [ЗАЯВИТЕЛЬ] қаласының тұрғыны, «№36 ЖББМ» КММ көркем еңбек пәнің мұғалімі [ЗАЯВИТЕЛЬ]. Сізге айтатын шағымым бар еді, алдын-ала кешірім сұраймын! Осы мамандығым бойынша оқушыларым халықаралық, республикалық облыстық дәрежеде көптеген жетіс",Освещение,Уличное освещение,query,Освещение/Уличное освещение,,жарық,13.09.2022,Образование
753958,"[ЗАЯВИТЕЛЬ]! [ЗАЯВИТЕЛЬ] қаласының тұрғыны, «№36 ЖББМ» КММ көркем еңбек пәнің мұғалімі [ЗАЯВИТЕЛЬ]. Сізге айтатын шағымым бар еді, алдын-ала кешірім сұраймын! Осы мамандығым бойынша оқушыларым халықаралық, республикалық облыстық дәрежеде көптеген жетіс",Освещение,Уличное освещение,query,Освещение/Уличное освещение,,жарық,13.09.2022,Образование
761540,"Добрый день, [ЗАЯВИТЕЛЬ]! Обращаюсь к Вам как автолюбитель! Прошу Вас обратить внимания на Талгарскую трассу в Алматы. В утреннее и вечернее время в часы пик творится полный хаос, сколько езжу с утра не наблюдаю сотрудников полиции, за редким исключением когда они проезжают",Дороги,Светофоры,query,Дороги/Светофоры,,светофор,12.12.2022,Правоохранительные органы
761525,"Уважаемый Аким Западно-Казахстанской области ТУРЕГАЛИЕВ Н.! Уже почти полтора года назад ,7 июня 2021 года,в 1м под*езде дома номер 52/1 по улице Абая, перекрёсток [ЗАЯВИТЕЛЬ], был пожар, загорелась электропроводка в подвале дома, силовой кабель. Были вызваны пожарн",Освещение,Уличное освещение,query,Освещение/Уличное освещение,,освещение,12.12.2022,"Строительство, дольщики, жилищные проблемы"
761524,"Уважаемый Председатель Агентства РК по противодействию коррупции (Антикоррупционной службы) БЕКТЕНОВ [ЗАЯВИТЕЛЬ]! Уже почти полтора года назад ,7 июня 2021 года,в 1м под*езде дома номер 52/1 по улице Абая, перекрёсток [ЗАЯВИТЕЛЬ], был пожар, загорелась электропроводка в по",Освещение,Уличное освещение,query,Освещение/Уличное освещение,,освещение,12.12.2022,"Строительство, дольщики, жилищные проблемы"
761523,"Обращение с регистрационным номером 761523, направленное в Блог [ЗАЯВИТЕЛЬ] РК [ЗАЯВИТЕЛЬ] отклонено ГО 19.12.2022",Освещение,Уличное освещение,query,Освещение/Уличное освещение,,освещение,12.12.2022,"Строительство, дольщики, жилищные проблемы"
757036,"Здравствуйте. Обращаются к вам жители нового жилого комплекса [ЗАЯВИТЕЛЬ] С, по Калдаякова 3. Сдали нам этот дом с большими проблемами. 1. Прилегающая территория со стороны дороги по Калдаякова в ужасном состоянии: нет асфальта (засыпана гравийка), колодцы торчат все наружу, нет",Дороги,Дорожное покрытие,rules,,Дороги/Дорожное покрытие,благоустройство,12.10.2022,"Строительство, дольщики, жилищные проблемы"
753889,"[ЗАЯВИТЕЛЬ] жемқорлыққа қарсы Іс-қимыл агенттігінің төрағасы [ЗАЯВИТЕЛЬ]Бектеновке «Ақбұлақ» [ЗАЯВИТЕЛЬ] м/ж: Түркістан обл., Төлеби ауданы, [ЗАЯВИТЕЛЬ] е/м, [ЗАЯВИТЕЛЬ] к-сі, №н/з үй. пайдалану құқығы тоқтатылмаған мемлекеттік емес же",Освещение,Уличное освещение,query,Освещение/Уличное освещение,,жарық,12.09.2022,Финансы
743448,"[ЗАЯВИТЕЛЬ] өзіңізге белгілі Шымкент қаласы Республикалық маңызы бар үш қаланың біреуі болып табылады. Қасым-[ЗАЯВИТЕЛЬ] – халық пен мемлекеттік билік бірлігінің, Конституцияның мызғымастығының, адам мен азаматтың құқықт",Благоустройство,Вывоз мусора,query,Благоустройство/Вывоз мусора,,қоқыс,12.06.2022,Правоохранительные органы
761518,"Здравствуйте Уважаемый Аким! Я житель Алматинской области Илийский район п.М Туймебаев. Я ранее писал вам обращение по поводу участка дороги который необходимо было отремонтировать, подъездные пути от ПКСТ Алмагуль, так вот хочу поблагодарить Вас дорогу наконец отремонтировали, з",Дороги,Дорожное покрытие,conflict,Освещение/Уличное освещение,Дороги/Дорожное покрытие,освещение,11.12.2022,Регионы
761515,Министерству образования и науки Республики Казахстан Господину [ЗАЯВИТЕЛЬ] от [ЗАЯВИТЕЛЬ] в интересах несовершеннолетнего ребенка [ЗАЯВИТЕЛЬ] ИИН [ИИН] удостоверение личности № 043566911 дата выдачи 08.10.2018 год выдано,Освещение,Уличное освещение,query,Освещение/Уличное освещение,,освещение,11.12.2022,Регионы
758904/1,"Добрый день! Согласно подпункту 1) пункта 3 [ЗАЯВИТЕЛЬ] национальной экономики РК от 20.03.2015 г. № 235 «Об утверждении Типовых правил содержания и защиты зеленых насаждений, правил благоустройства территорий городов и населенных пунктов», благоустройство – это совокупност",Благоустройство,Вывоз мусора,conflict,ЖКХ/Водоснабжение,Благоустройство/Вывоз мусора,канализация,11.11.2022,"Строительство, дольщики, жилищные проблемы"
758904,"Добрый день! Согласно подпункту 1) пункта 3 [ЗАЯВИТЕЛЬ] национальной экономики РК от 20.03.2015 г. № 235 «Об утверждении Типовых правил содержания и защиты зеленых насаждений, правил благоустройства территорий городов и населенных пунктов», благоустройство – это совокупност",Благоустройство,Вывоз мусора,conflict,ЖКХ/Водоснабжение,Благоустройство/Вывоз мусора,канализация,11.11.2022,"Строительство, дольщики, жилищные проблемы"
758877,"Уважаемый [ЗАЯВИТЕЛЬ]! Пишет вам Житель посёлка Аксу от имени многочисленного большинства наших жителей! К сожалению не могу выразить Вам свою признательность ( как многие обращающиеся) а только призрение, так как считаю, что своим игнорированием и равнодушием в про",ЖКХ,Водоснабжение,query,ЖКХ/Водоснабжение,,канализация,10.11.2022,Регионы
758847,"Здравствуйте, [ЗАЯВИТЕЛЬ]. Лицензирование деятельности в сфере архитектуры, градостроительства и строительства, осуществляется в соответствии с [ЗАЯВИТЕЛЬ] Казахстан «О разрешениях и уведомлениях» (далее – Закон). На основании пункта 6 статьи 17 Закона, в приложени",ЖКХ,Водоснабжение,query,ЖКХ/Водоснабжение,,канализация,10.11.2022,Свободная тема
756913,"[ЗАЯВИТЕЛЬ] Мы, владельцы квартир ЖК «Шолпан сити» обращаемся к вам по поводу изменения первоначального проекта дома, без одобрения соответствующих государственных структур РК. Согласно статье №40 Закона «О жилищных отношениях» при пере",Благоустройство,Вывоз мусора,query,Благоустройство/Вывоз мусора,,мусор,10.10.2022,"Строительство, дольщики, жилищные проблемы"
758802,"Акиму города Алматы г-ну [ЗАЯВИТЕЛЬ] копия: ТОО «Amadeus Hotel Group» БИН: [ИИН] _________________ г. Алматы, Бостандыкский район, пр. Аль-Фараби, 77/7 от [ЗАЯВИТЕЛЬ],",,,none,,,благоустройство,09.11.2022,"Строительство, дольщики, жилищные проблемы"
758768,"вчера, 08.11.2022 г. мной в личном кабинете была обнаружена информация о совершении следующего административного правонарушения- Нарушение правил благоустройства территорий городов и населенных пунктов, а также разрушение объектов инфраструктуры, уничтожение и повреждение зел",Благоустройство,Вывоз мусора,rules,,Благоустройство/Вывоз мусора,благоустройство,09.11.2022,Правоохранительные органы
753641,"Здравствуйте Уважаемый [ЗАЯВИТЕЛЬ]! Нам нужна ваша помощь. Мы производили демонтаж и дальнейший монтаж в здании министерства сельского хозяйства на первом этаже, где сейчас согласна проекта должен быть архив и актовый зал. Производили демонтаж, а далее монтаж и утепление ба",Благоустройство,Вывоз мусора,query,Благоустройство/Вывоз мусора,,мусор,09.09.2022,Свободная тема
753608,"Уважаемый [ЗАЯВИТЕЛЬ]! Обращаюсь к Вам с просьбой разъяснить существуют ли в Восточно -Казахстанской области правила выгула собак, как в других областях? Я жительница дома по адресу Красина 1. У нас соседи выгуливают собак возле подьезда, не удосуживаясь убрать за ними пр",Благоустройство,Вывоз мусора,query,Благоустройство/Вывоз мусора,,мусор,09.09.2022,"Строительство, дольщики, жилищные проблемы"
750171,"Добрый день. Уважаемый [ЗАЯВИТЕЛЬ], Прошу принять меры. 08/08/22 в 19,00 ч. произошло отключение электричества ул.Иссыкская уг .ул. Жангильдина, весь вечер пытались дозвониться в РЭС 1 г. Алматы, дозвониться удалось только 1 раз, при этом сотрудники очень грубые, не досл",Дороги,Светофоры,query,Дороги/Светофоры,,светофор,09.08.2022,О работе государственных органов (госуслуги)
761369,Вечер добрый. Прошу Акимат г. Алматы и соответствующие службы города провести служебную проверку юго-восточной части (от центрального входа) национальной библиотеки г Алматы на пр. Абылай-Хана и Абая. С момента капитального ремонта на данной территории здесь уже давным давно (к,Благоустройство,Вывоз мусора,query,Благоустройство/Вывоз мусора,,мусор,08.12.2022,Свободная тема
761319,"На основании публикации https://vk.com/wall-170444201_5103 прошу Вас установить должностное лицо подрядной организации давшее распоряжение на уборку проезжей части таким образом,в нарушение требований Правил по благоустройству и содержанию территорий населённых пунктов РК. Привле",Благоустройство,Вывоз мусора,rules,,Благоустройство/Вывоз мусора,благоустройство,08.12.2022,Свободная тема
753428/1,"П рошу вас принять меры в отношении безответственного и халатного отношения к своим обязанностям ответственных лиц акимата Сайрамского района , акимат Туркестанской области ,а также других лиц. Дело в том .что я с начала 2022 года не могу добиться стабильного , упорядоченног",Благоустройство,Вывоз мусора,query,Благоустройство/Вывоз мусора,,мусор,08.09.2022,О работе государственных органов (госуслуги)
761246,[ЗАЯВИТЕЛЬ] мырза! [ЗАЯВИТЕЛЬ]-Фараби атындағы ҚазҰУ-дың «6D090900 – Логистика» мамандығы бойынша докторанты боламын. Диссертациялық жұмысымның тақырыбы: «Еуразиялық көлік дәліздеріндегі құрғақ порттардың логистикалық қызмет көрсету сапасын арттыру» («Khorgos Gateway» мысал,Транспорт,Общественный транспорт,conflict,Освещение/Уличное освещение,Транспорт/Общественный транспорт,жарық,07.12.2022,Наука
758584,"Добрый день! Согласно Правил осуществления государственных закупок, а именно в соответствии с Приложением 10 к КД «Сведения о квалификации и критериях, влияющих на конкурсное ценовое предложение при закупках работ, не связанных со строительством) (заполняется потенциальным поста",,,none,,,благоустройство,07.11.2022,Финансы
756612,"Уважаемая [ЗАЯВИТЕЛЬ], прошу предоставить полновесный и корректный ответ по санитарно эпидемиологическим правилам. Ранее я направляла запросы, которые так и не прояснили «узкие» места в этом направлении. В частности предусматривается ли в НПА требования о наличии туалетной бумаг",Благоустройство,Вывоз мусора,query,Благоустройство/Вывоз мусора,,мусор,07.10.2022,Здравоохранение
753428,"П рошу вас принять меры в отношении безответственного и халатного отношения к своим обязанностям ответственных лиц акимата Сайрамского района , акимат Туркестанской области ,а также других лиц. Дело в том .что я с начала 2022 года не могу добиться стабильного , упорядоченног",Благоустройство,Вывоз мусора,query,Благоустройство/Вывоз мусора,,мусор,07.09.2022,О работе государственных органов (госуслуги)
746861,"№ 745812 осы обращениенің жауабына сай, жэкке хабарластық Қайырғали деген адамға. [ЗАЯВИТЕЛЬ] тұрғындары шешеді , қай жерге қояатынын қоқыс жәшіктерінің. Сондықтан алынуы екіталай. Біз сонла тереземізді аша алмай отыра береміз бе? Канализацияның иісі шығады. Соны тексеретін құ",ЖКХ,Водоснабжение,conflict,Благоустройство/Вывоз мусора,ЖКХ/Водоснабжение,қоқыс,07.07.2022,Регионы
761156,"важаемый [ЗАЯВИТЕЛЬ]! Мы жители ЖК Фэмили парк, который находится по адресу Кабанбай батыра 75 а, обращались к Вам 03.03.2022, были неоднократно на приеме у вашего заместителя [ЗАЯВИТЕЛЬ] обращались к Вам на онлайн приеме, но до сих пор ситуация с нашим ЖК не изменилась. На",ЖКХ,Отопление,query,ЖКХ/Отопление,,отопление,06.12.2022,"Строительство, дольщики, жилищные проблемы"
761138,"Просим дать пояснение касательно Санитарных правил «Санитарно-эпидемиологические требования к санитарно-защитным зонам объектов, являющихся объектами воздействия на среду обитания и здоровье человека», утвержденных Приказом и.о. Министра здравоохранения Республики Казахстан от 11",ЖКХ,Водоснабжение,query,ЖКХ/Водоснабжение,,канализация,06.12.2022,Здравоохранение
756246/3,"[ЗАЯВИТЕЛЬ] ханым! [ЗАЯВИТЕЛЬ] Жаналыулы Тараз қаласы, Целиноград көшесі 2/2 үйдің тұрғынымын. Целиноград көшелерінің 1,2,3,4 бұрылыстарына 2020 жылы жол түсу керек болған. Бірақ 2021 жылы әкімдікке барғанда 2021дің желтоқсан айынан дейін салынатыны хабарланды. 2022 ш",Дороги,Дорожное покрытие,conflict,Освещение/Уличное освещение,Дороги/Дорожное покрытие,жарық,06.10.2022,О работе государственных органов (госуслуги)
756246/2,"[ЗАЯВИТЕЛЬ] ханым! [ЗАЯВИТЕЛЬ] Жаналыулы Тараз қаласы, Целиноград көшесі 2/2 үйдің тұрғынымын. Целиноград көшелерінің 1,2,3,4 бұрылыстарына 2020 жылы жол түсу керек болған. Бірақ 2021 жылы әкімдікке барғанда 2021дің желтоқсан айынан дейін салынатыны хабарланды. 2022 ш",Дороги,Дорожное покрытие,conflict,Освещение/Уличное освещение,Дороги/Дорожное покрытие,жарық,06.10.2022,О работе государственных органов (госуслуги)
756246/1,"[ЗАЯВИТЕЛЬ] ханым! [ЗАЯВИТЕЛЬ] Жаналыулы Тараз қаласы, Целиноград көшесі 2/2 үйдің тұрғынымын. Целиноград көшелерінің 1,2,3,4 бұрылыстарына 2020 жылы жол түсу керек болған. Бірақ 2021 жылы әкімдікке барғанда 2021дің желтоқсан айынан дейін салынатыны хабарланды. 2022 ш",Дороги,Дорожное покрытие,conflict,Освещение/Уличное освещение,Дороги/Дорожное покрытие,жарық,06.10.2022,О работе государственных органов (госуслуги)
733864,"Қайырлы күн! Қызылорда қаласының [ЗАЯВИТЕЛЬ] Саулет-3 көшелерінің аяқ жағындағы тұрғын үйлері мен «Темір жол және Жылу құбырының» аралығындағы күнделікті тұрғындар қатынап, жүретін жолда (тұйық көше) күндіз-түні күдікті, бейтаныс көліктер мен топтасқан а",ЖКХ,Отопление,conflict,Благоустройство/Вывоз мусора,ЖКХ/Отопление,қоқыс,05.04.2022,Свободная тема
761037,"исх.№194 «30» ноября 2022 г. Акиму города Астана Акиму района Есиль города Астана ГУ «Управление качества и контроля городской среды г. Астана» Уважаемые руководители ! ТОО «Управляющая компания «АБАТ»», являясь органом управления кондоминиума жилого дома №105А, наход",Благоустройство,Вывоз мусора,query,Благоустройство/Вывоз мусора,,мусор,04.12.2022,"Строительство, дольщики, жилищные проблемы"
756338,"Прошу Вас дать правовую оценку действиям ответственных лиц акимата Сайрамского района Туркестанской области и акимата самой Туркестанской области. Дело в том что, с начала 2022 года я не могу добиться адекватного , своевременного вывоза твердых бытовых отходов (ТБО), со стороны Т",Благоустройство,Вывоз мусора,query,Благоустройство/Вывоз мусора,,мусор,04.10.2022,О работе государственных органов (госуслуги)
756246,"[ЗАЯВИТЕЛЬ] ханым! [ЗАЯВИТЕЛЬ] Жаналыулы Тараз қаласы, Целиноград көшесі 2/2 үйдің тұрғынымын. Целиноград көшелерінің 1,2,3,4 бұрылыстарына 2020 жылы жол түсу керек болған. Бірақ 2021 жылы әкімдікке барғанда 2021дің желтоқсан айынан дейін салынатыны хабарланды. 2022 ш",Дороги,Дорожное покрытие,conflict,Освещение/Уличное освещение,Дороги/Дорожное покрытие,жарық,04.10.2022,О работе государственных органов (госуслуги)
756242,"[ЗАЯВИТЕЛЬ] мырза! [ЗАЯВИТЕЛЬ] Жаналыулы Тараз қаласы, Целиноград көшесі 2/2 үйдің тұрғынымын. Целиноград көшелерінің 1,2,3,4 бұрылыстарына 2020 жылы жол түсу керек болған. Бірақ 2021 жылы әкімдікке барғанда 2021дің желтоқсан айынан дейін салынатыны хабарланды. 2022 ші",Дороги,Дорожное покрытие,conflict,Освещение/Уличное освещение,Дороги/Дорожное покрытие,жарық,04.10.2022,Свободная тема
749738,"[ЗАЯВИТЕЛЬ] шаруашылығы министрлігінің Жер ресурстарын басқару комитетінің төрағасы М.[ЗАЯВИТЕЛЬ] Баритұлы! «ҚазАвтоЖол» Ұлттық компаниясы» АҚ-ның 28.01.2022 жылғы №1 жауапты сақтау шартымен Қызылорда облысы, Қармақшы ауданы аумағынан өтетін «Баты",ЖКХ,Водоснабжение,query,ЖКХ/Водоснабжение,,су,04.08.2022,Земельные вопросы
749676,"Біздің сізге өтініш хат жазу себебіміз мына төмендегіше; 12.04.2019 жылы Жетісай АПБ-нің СДТТБТ-не [ЗАЯВИТЕЛЬ] 385- бабының 1- бөлігімен №[ИИН] тіркеліп, сотқа дейінгі тергеп тексеру басталған іс бойынша. Түркістан облысының полиция департаментінің тергеу баскармасы та",ЖКХ,Водоснабжение,query,ЖКХ/Водоснабжение,,су,04.08.2022,Регионы
729744,[ЗАЯВИТЕЛЬ] прокуроры [ЗАЯВИТЕЛЬ] ҚР Сыбайлас жемқорлыққа қарсы іс-қимыл агенттігінің ( Сыбайлас жемқорлыққа қарсы қызымет) төрағасы [ЗАЯВИТЕЛЬ] Алматы қаласының әкімі Ербо,Благоустройство,Вывоз мусора,query,Благоустройство/Вывоз мусора,,қоқыс,04.03.2022,Земельные вопросы
729742,[ЗАЯВИТЕЛЬ] прокуроры [ЗАЯВИТЕЛЬ] ҚР Сыбайлас жемқорлыққа қарсы іс-қимыл агенттігінің ( Сыбайлас жемқорлыққа қарсы қызымет) төрағасы [ЗАЯВИТЕЛЬ] Алматы қаласының әкімі Ербо,Благоустройство,Вывоз мусора,query,Благоустройство/Вывоз мусора,,қоқыс,04.03.2022,Земельные вопросы
729739,[ЗАЯВИТЕЛЬ] прокуроры [ЗАЯВИТЕЛЬ] ҚР Сыбайлас жемқорлыққа қарсы іс-қимыл агенттігінің ( Сыбайлас жемқорлыққа қарсы қызымет) төрағасы [ЗАЯВИТЕЛЬ] Алматы қаласының әкімі Ербо,Благоустройство,Вывоз мусора,query,Благоустройство/Вывоз мусора,,қоқыс,04.03.2022,Земельные вопросы
729737,"Обращение с регистрационным номером 729737, направленное в Блог [ЗАЯВИТЕЛЬ] РК [ЗАЯВИТЕЛЬ] отклонено ГО 18.03.2022",Благоустройство,Вывоз мусора,query,Благоустройство/Вывоз мусора,,қоқыс,04.03.2022,Земельные вопросы
758426,"[ЗАЯВИТЕЛЬ],. Т. Б [ЗАЯВИТЕЛЬ] ҚЫЗЫЛТӨБЕ 2,# 831 [ЗАЯВИТЕЛЬ] . [ЗАЯВИТЕЛЬ] ТҰРМЫН. 1- МЕН АО ТЕХНОДОМ [ЗАЯВИТЕЛЬ] 10—",Благоустройство,Вывоз мусора,query,Благоустройство/Вывоз мусора,,мусор,03.11.2022,Нацкомпании
756117,"Приветствую и обращаюсь от имени жителей дома №31 мкр. Аксай 1А с просьбой прояснить ситуацию с установкой новых арыков (параллельно улицы Толе би) согласно программе благоустройства Алматинские дворы. Мы неоднократно писали в прошлые годы, что наш двор топит при каждом дожде, та",Благоустройство,Вывоз мусора,rules,,Благоустройство/Вывоз мусора,благоустройство,03.10.2022,Информационно-коммуникационные технологии
760959,"[ЗАЯВИТЕЛЬ] Iргебайұлы! [ЗАЯВИТЕЛЬ] Азаркановна 1961 жылғы, Қостанай қаласы мкр Юбилейный 24 үйінің тұрғыны боламын.Біздің үй 2020 жылғы қыркүйек айында салынып бітуі тиіс еді,, 2022 жылдың шілде айында бірақ дайын болды.Үйдің кілтін біздерге табыстаған уақытта,",Освещение,Уличное освещение,query,Освещение/Уличное освещение,,жарық,02.12.2022,"Строительство, дольщики, жилищные проблемы"
760933,[ЗАЯВИТЕЛЬ]! [ЗАЯВИТЕЛЬ]-Фараби атындағы ҚазҰУ-дың «6D090900 – Логистика» мамандығы бойынша докторанты боламын. Диссертациялық жұмысымның тақырыбы: «Еуразиялық көлік дәліздеріндегі құрғақ порттардың логистикалық қызмет көрсету сапасын арттыру» («Khorgos Gateway» мысал,Транспорт,Общественный транспорт,conflict,Освещение/Уличное освещение,Транспорт/Общественный транспорт,жарық,02.12.2022,Наука
760900,"Здравствуйте! В соответствии с примечанием приложения 10 к конкурсной документации «Сведения о квалификации и критериях, влияющих на конкурсное ценовое предложение при закупках работ, не связанных со строительством)» Правил осуществления государственных закупок, потенциальные пос",Освещение,Уличное освещение,query,Освещение/Уличное освещение,,освещение,02.12.2022,О работе государственных органов (госуслуги)
758300,"Здравствуйте, я житель ЖК Айсанам расположенный по адресу ул Мангилик ел 19, в нашем доме на первом этаже расположен алкогольный пив бар Жигуль. Которое неоднократно нарушает правила пожарной безопасности и санитарных норм. 23 октября 2022г примерно в 15:30-16:30ч произошел пожар",Благоустройство,Вывоз мусора,query,Благоустройство/Вывоз мусора,,мусор,02.11.2022,"Строительство, дольщики, жилищные проблемы"
749566,"Обращение с регистрационным номером 749566, направленное в Блог Министр науки и высшего образования РК [ЗАЯВИТЕЛЬ] находится на рассмотрении у ГО",ЖКХ,Водоснабжение,query,ЖКХ/Водоснабжение,,су,02.08.2022,Наука
760760,"Обращение с регистрационным номером 760760, направленное в Блог [ЗАЯВИТЕЛЬ] РК [ЗАЯВИТЕЛЬ] отклонено ГО 08.12.2022",ЖКХ,Водоснабжение,query,ЖКХ/Водоснабжение,,водоснабжение,01.12.2022,О работе государственных органов (госуслуги)
758275,"Прошу вас ознакомиться с публикацией https://vk.com/zb_07 Установить личность водителя,а так же лица совершившего выброс мусора из т/с на проезжей части пр.Абая г.Уральск,тем самым создавшего аварийную обстановку на дороге,и привлечь его к строгой административной ответственност",Транспорт,Общественный транспорт,conflict,Благоустройство/Вывоз мусора,Транспорт/Общественный транспорт,мусор,01.11.2022,Правоохранительные органы
758274,"Прошу вас ознакомиться с публикацией https://vk.com/zb_07 Установить личность водителя,а так же лица совершившего выброс мусора из т/с на проезжей части пр.Абая г.Уральск,тем самым создавшего аварийную обстановку на дороге,и привлечь его к строгой административной ответственност",Транспорт,Общественный транспорт,conflict,Благоустройство/Вывоз мусора,Транспорт/Общественный транспорт,мусор,01.11.2022,Правоохранительные органы
758258,"Добрый день, [ЗАЯВИТЕЛЬ]! Я и жители г. Атырау, проживающие по адресу: мкр. Алиев-Курмангазы, ул 8, обращаемся к Вам с просьбой оказать содействие в решении важного вопроса для наших семей, связанного с постоянным отключением электроэнергии. На протяжении двух лет с насту",Освещение,Уличное освещение,query,Освещение/Уличное освещение,,жарық,01.11.2022,Свободная тема
749340,"Қайырлы күн! [ЗАЯВИТЕЛЬ], мен [ЗАЯВИТЕЛЬ] қазіргі таңда пәтер жалдап тұратын азаматшалардың бірімін. 2020 жылы Атырау қаласы Алмалы ауылдық округ Береке селосынан жер сатып алып. Жеке үй құрылысын бастадым. Қазіргі уақытта жеке үй құрылысын аяқтай келдім. Ендігі басты кү",ЖКХ,Водоснабжение,query,ЖКХ/Водоснабжение,,су,01.08.2022,"Строительство, дольщики, жилищные проблемы"
